-- phpMyAdmin SQL Dump
-- version 3.4.11.1deb1
-- http://www.phpmyadmin.net
--
-- Host: pyxis
-- Generation Time: Jul 28, 2015 at 03:20 PM
-- Server version: 5.5.31
-- PHP Version: 5.4.4-9

SET SQL_MODE="NO_AUTO_VALUE_ON_ZERO";
SET time_zone = "+00:00";


/*!40101 SET @OLD_CHARACTER_SET_CLIENT=@@CHARACTER_SET_CLIENT */;
/*!40101 SET @OLD_CHARACTER_SET_RESULTS=@@CHARACTER_SET_RESULTS */;
/*!40101 SET @OLD_COLLATION_CONNECTION=@@COLLATION_CONNECTION */;
/*!40101 SET NAMES utf8 */;

--
-- Database: `soccerwars`
--

DELIMITER $$
--
-- Procedures
--
CREATE DEFINER=`soccerwars`@`%` PROCEDURE `show_error`(msg VARCHAR(255))
BEGIN
    SIGNAL SQLSTATE '45000'
    SET MESSAGE_TEXT = msg;
  END$$

DELIMITER ;

-- --------------------------------------------------------

--
-- Table structure for table `Badge`
--

CREATE TABLE IF NOT EXISTS `Badge` (
  `id` int(11) NOT NULL AUTO_INCREMENT,
  `name` varchar(45) NOT NULL,
  `points` int(11) NOT NULL,
  PRIMARY KEY (`id`),
  UNIQUE KEY `title_UNIQUE` (`name`)
) ENGINE=InnoDB  DEFAULT CHARSET=utf8 AUTO_INCREMENT=13 ;

--
-- Dumping data for table `Badge`
--

INSERT INTO `Badge` (`id`, `name`, `points`) VALUES
(1, 'Welcome!', 800),
(2, '1st Win!', 1111),
(3, 'Win 5 times in a row', 5000),
(4, 'Win 10 times in a row', 10000),
(5, 'Win 10 total bets', 50000),
(6, 'Lose 10 total bets', 8000),
(7, 'Bet over $1000 total', 1000),
(8, 'Bet over $100000 total', 100000),
(9, 'Make a new friend', 500),
(10, 'Comment on a match', 500),
(11, 'Reach the top of the leaderboard', 9999),
(12, 'Complete profile', 1000);

-- --------------------------------------------------------

--
-- Table structure for table `Bet`
--

CREATE TABLE IF NOT EXISTS `Bet` (
  `id` int(11) NOT NULL AUTO_INCREMENT,
  `user_id` int(11) NOT NULL,
  `match_id` int(11) NOT NULL,
  `type` int(11) NOT NULL,
  `team` int(11) NOT NULL,
  `points_simple` int(11) DEFAULT NULL,
  `points_goals` int(11) DEFAULT NULL,
  `points_yellowcards` int(11) DEFAULT NULL,
  `points_redcards` int(11) DEFAULT NULL,
  `points_defenses` int(11) DEFAULT NULL,
  `created_at` timestamp NOT NULL DEFAULT CURRENT_TIMESTAMP,
  `result` tinyint(1) DEFAULT NULL,
  `obsolete` tinyint(1) NOT NULL DEFAULT '0',
  PRIMARY KEY (`id`),
  KEY `Bet_ibfk_1` (`user_id`),
  KEY `Bet_ibfk_2` (`match_id`)
) ENGINE=InnoDB  DEFAULT CHARSET=utf8 AUTO_INCREMENT=3102 ;

--
-- Dumping data for table `Bet`
--

INSERT INTO `Bet` (`id`, `user_id`, `match_id`, `type`, `team`, `points_simple`, `points_goals`, `points_yellowcards`, `points_redcards`, `points_defenses`, `created_at`, `result`, `obsolete`) VALUES
(1937, 42, 905, 1, 1, 42621, NULL, NULL, NULL, NULL, '2015-07-29 02:21:53', 0, 0),
(1938, 42, 907, 1, 2, 2454, NULL, NULL, NULL, NULL, '2015-07-29 02:21:53', 0, 0),
(1939, 42, 904, 1, 0, 27799, NULL, NULL, NULL, NULL, '2015-07-29 02:21:53', 1, 0),
(1940, 42, 903, 1, 2, 12558, NULL, NULL, NULL, NULL, '2015-07-29 02:21:53', 0, 0),
(1941, 42, 906, 1, 0, 11919, NULL, NULL, NULL, NULL, '2015-07-29 02:21:53', 1, 0),
(1942, 43, 905, 1, 1, 21135, NULL, NULL, NULL, NULL, '2015-07-29 02:21:53', 0, 0),
(1943, 43, 907, 1, 1, 8773, NULL, NULL, NULL, NULL, '2015-07-29 02:21:53', 0, 0),
(1944, 43, 904, 1, 2, 3195, NULL, NULL, NULL, NULL, '2015-07-29 02:21:53', 0, 0),
(1945, 44, 905, 1, 2, 2382, NULL, NULL, NULL, NULL, '2015-07-29 02:21:54', 0, 0),
(1946, 44, 907, 1, 2, 1239, NULL, NULL, NULL, NULL, '2015-07-29 02:21:54', 0, 0),
(1947, 44, 904, 1, 2, 692, NULL, NULL, NULL, NULL, '2015-07-29 02:21:54', 0, 0),
(1948, 44, 903, 1, 0, 1685, NULL, NULL, NULL, NULL, '2015-07-29 02:21:54', 1, 0),
(1949, 44, 906, 1, 0, 1683, NULL, NULL, NULL, NULL, '2015-07-29 02:21:54', 1, 0),
(1950, 42, 905, 1, 0, 35, NULL, NULL, NULL, NULL, '2015-07-29 02:27:00', 1, 0),
(1951, 42, 907, 1, 1, 134, NULL, NULL, NULL, NULL, '2015-07-29 02:27:00', 0, 0),
(1952, 42, 904, 1, 2, 240, NULL, NULL, NULL, NULL, '2015-07-29 02:27:00', 0, 0),
(1953, 42, 903, 1, 1, 240, NULL, NULL, NULL, NULL, '2015-07-29 02:27:00', 0, 0),
(1954, 43, 905, 1, 0, 297, NULL, NULL, NULL, NULL, '2015-07-29 02:27:00', 1, 0),
(1955, 43, 907, 1, 0, 1402, NULL, NULL, NULL, NULL, '2015-07-29 02:27:00', 1, 0),
(1956, 43, 904, 1, 2, 1071, NULL, NULL, NULL, NULL, '2015-07-29 02:27:00', 0, 0),
(1957, 43, 903, 1, 1, 1554, NULL, NULL, NULL, NULL, '2015-07-29 02:27:00', 0, 0),
(1958, 44, 905, 1, 2, 115, NULL, NULL, NULL, NULL, '2015-07-29 02:27:00', 0, 0),
(1959, 44, 907, 1, 2, 101, NULL, NULL, NULL, NULL, '2015-07-29 02:27:00', 0, 0),
(1960, 44, 904, 1, 1, 184, NULL, NULL, NULL, NULL, '2015-07-29 02:27:00', 0, 0),
(1961, 44, 903, 1, 1, 105, NULL, NULL, NULL, NULL, '2015-07-29 02:27:00', 0, 0),
(1962, 42, 908, 1, 1, 150, NULL, NULL, NULL, NULL, '2015-07-29 02:30:04', 0, 0),
(1963, 42, 905, 1, 0, 180, NULL, NULL, NULL, NULL, '2015-07-29 02:30:04', 1, 0),
(1964, 42, 907, 1, 1, 101, NULL, NULL, NULL, NULL, '2015-07-29 02:30:04', 0, 0),
(1965, 42, 904, 1, 2, 170, NULL, NULL, NULL, NULL, '2015-07-29 02:30:04', 0, 0),
(1966, 43, 908, 1, 1, 552, NULL, NULL, NULL, NULL, '2015-07-29 02:30:04', 0, 0),
(1967, 43, 905, 1, 2, 736, NULL, NULL, NULL, NULL, '2015-07-29 02:30:04', 0, 0),
(1968, 43, 907, 1, 1, 222, NULL, NULL, NULL, NULL, '2015-07-29 02:30:04', 0, 0),
(1969, 43, 904, 1, 0, 316, NULL, NULL, NULL, NULL, '2015-07-29 02:30:04', 1, 0),
(1970, 44, 908, 1, 1, 22, NULL, NULL, NULL, NULL, '2015-07-29 02:30:04', 0, 0),
(1971, 44, 905, 1, 1, 55, NULL, NULL, NULL, NULL, '2015-07-29 02:30:04', 0, 0),
(1972, 44, 907, 1, 2, 29, NULL, NULL, NULL, NULL, '2015-07-29 02:30:04', 0, 0),
(1973, 44, 904, 1, 2, 154, NULL, NULL, NULL, NULL, '2015-07-29 02:30:05', 0, 0),
(1974, 42, 910, 1, 2, 2562, NULL, NULL, NULL, NULL, '2015-07-29 02:40:03', 0, 0),
(1975, 42, 911, 1, 1, 4385, NULL, NULL, NULL, NULL, '2015-07-29 02:40:03', 0, 0),
(1976, 42, 908, 1, 0, 2110, NULL, NULL, NULL, NULL, '2015-07-29 02:40:03', 1, 0),
(1977, 43, 910, 1, 0, 224, NULL, NULL, NULL, NULL, '2015-07-29 02:40:03', 1, 0),
(1978, 43, 911, 1, 0, 1020, NULL, NULL, NULL, NULL, '2015-07-29 02:40:03', 1, 0),
(1979, 43, 908, 1, 1, 839, NULL, NULL, NULL, NULL, '2015-07-29 02:40:03', 0, 0),
(1980, 44, 910, 1, 0, 1336, NULL, NULL, NULL, NULL, '2015-07-29 02:40:03', 1, 0),
(1981, 44, 911, 1, 2, 161, NULL, NULL, NULL, NULL, '2015-07-29 02:40:03', 0, 0),
(1982, 44, 908, 1, 0, 354, NULL, NULL, NULL, NULL, '2015-07-29 02:40:03', 1, 0),
(1983, 42, 913, 1, 2, 10019, NULL, NULL, NULL, NULL, '2015-07-29 02:50:03', 0, 0),
(1984, 42, 914, 1, 2, 12265, NULL, NULL, NULL, NULL, '2015-07-29 02:50:03', 0, 0),
(1985, 42, 917, 1, 0, 7573, NULL, NULL, NULL, NULL, '2015-07-29 02:50:03', 1, 0),
(1986, 42, 910, 1, 2, 18499, NULL, NULL, NULL, NULL, '2015-07-29 02:50:03', 0, 0),
(1987, 42, 908, 1, 1, 7107, NULL, NULL, NULL, NULL, '2015-07-29 02:50:03', 0, 0),
(1988, 42, 911, 1, 1, 10073, NULL, NULL, NULL, NULL, '2015-07-29 02:50:03', 0, 0),
(1989, 43, 913, 1, 1, 1320, NULL, NULL, NULL, NULL, '2015-07-29 02:50:03', 0, 0),
(1990, 43, 914, 1, 1, 4402, NULL, NULL, NULL, NULL, '2015-07-29 02:50:03', 1, 0),
(1991, 43, 917, 1, 2, 2426, NULL, NULL, NULL, NULL, '2015-07-29 02:50:03', 0, 0),
(1992, 43, 910, 1, 2, 2969, NULL, NULL, NULL, NULL, '2015-07-29 02:50:03', 0, 0),
(1993, 43, 908, 1, 2, 2123, NULL, NULL, NULL, NULL, '2015-07-29 02:50:03', 0, 0),
(1994, 43, 911, 1, 0, 3047, NULL, NULL, NULL, NULL, '2015-07-29 02:50:03', 1, 0),
(1995, 44, 913, 1, 0, 1245, NULL, NULL, NULL, NULL, '2015-07-29 02:50:03', 1, 0),
(1996, 44, 914, 1, 1, 1508, NULL, NULL, NULL, NULL, '2015-07-29 02:50:04', 1, 0),
(1997, 44, 917, 1, 1, 1257, NULL, NULL, NULL, NULL, '2015-07-29 02:50:04', 0, 0),
(1998, 44, 910, 1, 2, 771, NULL, NULL, NULL, NULL, '2015-07-29 02:50:04', 0, 0),
(1999, 44, 908, 1, 0, 450, NULL, NULL, NULL, NULL, '2015-07-29 02:50:04', 1, 0),
(2000, 44, 911, 1, 1, 320, NULL, NULL, NULL, NULL, '2015-07-29 02:50:04', 0, 0),
(2001, 42, 918, 1, 1, 1232, NULL, NULL, NULL, NULL, '2015-07-29 02:54:23', 0, 0),
(2002, 42, 919, 1, 1, 4446, NULL, NULL, NULL, NULL, '2015-07-29 02:54:23', 1, 0),
(2003, 42, 922, 1, 2, 661, NULL, NULL, NULL, NULL, '2015-07-29 02:54:23', 0, 0),
(2004, 42, 920, 1, 2, 31, NULL, NULL, NULL, NULL, '2015-07-29 02:54:23', 0, 0),
(2005, 42, 913, 1, 0, 7551, NULL, NULL, NULL, NULL, '2015-07-29 02:54:23', 1, 0),
(2006, 42, 914, 1, 1, 13242, NULL, NULL, NULL, NULL, '2015-07-29 02:54:23', 1, 0),
(2007, 42, 921, 1, 1, 5669, NULL, NULL, NULL, NULL, '2015-07-29 02:54:23', 0, 0),
(2008, 42, 917, 1, 2, 1556, NULL, NULL, NULL, NULL, '2015-07-29 02:54:23', 0, 0),
(2009, 43, 918, 1, 2, 1288, NULL, NULL, NULL, NULL, '2015-07-29 02:54:23', 0, 0),
(2010, 43, 919, 1, 2, 2737, NULL, NULL, NULL, NULL, '2015-07-29 02:54:23', 0, 0),
(2011, 43, 922, 1, 0, 3343, NULL, NULL, NULL, NULL, '2015-07-29 02:54:23', 0, 0),
(2012, 43, 920, 1, 2, 831, NULL, NULL, NULL, NULL, '2015-07-29 02:54:23', 0, 0),
(2013, 43, 913, 1, 0, 2136, NULL, NULL, NULL, NULL, '2015-07-29 02:54:23', 1, 0),
(2014, 43, 914, 1, 2, 2909, NULL, NULL, NULL, NULL, '2015-07-29 02:54:23', 0, 0),
(2015, 43, 921, 1, 2, 1132, NULL, NULL, NULL, NULL, '2015-07-29 02:54:23', 0, 0),
(2016, 43, 917, 1, 1, 2198, NULL, NULL, NULL, NULL, '2015-07-29 02:54:23', 0, 0),
(2017, 44, 918, 1, 1, 172, NULL, NULL, NULL, NULL, '2015-07-29 02:54:23', 0, 0),
(2018, 44, 919, 1, 2, 947, NULL, NULL, NULL, NULL, '2015-07-29 02:54:23', 0, 0),
(2019, 44, 922, 1, 1, 1053, NULL, NULL, NULL, NULL, '2015-07-29 02:54:23', 0, 0),
(2020, 44, 920, 1, 0, 706, NULL, NULL, NULL, NULL, '2015-07-29 02:54:23', 0, 0),
(2021, 44, 913, 1, 1, 910, NULL, NULL, NULL, NULL, '2015-07-29 02:54:23', 0, 0),
(2022, 44, 914, 1, 2, 1066, NULL, NULL, NULL, NULL, '2015-07-29 02:54:23', 0, 0),
(2023, 44, 921, 1, 1, 853, NULL, NULL, NULL, NULL, '2015-07-29 02:54:23', 0, 0),
(2024, 44, 917, 1, 2, 217, NULL, NULL, NULL, NULL, '2015-07-29 02:54:23', 0, 0),
(2025, 42, 918, 1, 0, 8199, NULL, NULL, NULL, NULL, '2015-07-29 02:55:22', 1, 0),
(2026, 42, 919, 1, 2, 6103, NULL, NULL, NULL, NULL, '2015-07-29 02:55:22', 0, 0),
(2027, 42, 922, 1, 2, 35, NULL, NULL, NULL, NULL, '2015-07-29 02:55:22', 0, 0),
(2028, 42, 920, 1, 2, 2384, NULL, NULL, NULL, NULL, '2015-07-29 02:55:22', 0, 0),
(2029, 42, 913, 1, 0, 2620, NULL, NULL, NULL, NULL, '2015-07-29 02:55:22', 1, 0),
(2030, 42, 914, 1, 1, 3745, NULL, NULL, NULL, NULL, '2015-07-29 02:55:22', 1, 0),
(2031, 42, 921, 1, 0, 2790, NULL, NULL, NULL, NULL, '2015-07-29 02:55:22', 1, 0),
(2032, 43, 918, 1, 0, 342, NULL, NULL, NULL, NULL, '2015-07-29 02:55:22', 1, 0),
(2033, 43, 919, 1, 2, 102, NULL, NULL, NULL, NULL, '2015-07-29 02:55:22', 0, 0),
(2034, 43, 922, 1, 0, 545, NULL, NULL, NULL, NULL, '2015-07-29 02:55:22', 0, 0),
(2035, 43, 920, 1, 0, 1586, NULL, NULL, NULL, NULL, '2015-07-29 02:55:22', 0, 0),
(2036, 43, 913, 1, 2, 1001, NULL, NULL, NULL, NULL, '2015-07-29 02:55:22', 0, 0),
(2037, 43, 914, 1, 1, 1124, NULL, NULL, NULL, NULL, '2015-07-29 02:55:23', 1, 0),
(2038, 43, 921, 1, 0, 124, NULL, NULL, NULL, NULL, '2015-07-29 02:55:23', 1, 0),
(2039, 44, 918, 1, 2, 424, NULL, NULL, NULL, NULL, '2015-07-29 02:55:23', 0, 0),
(2040, 44, 919, 1, 2, 436, NULL, NULL, NULL, NULL, '2015-07-29 02:55:23', 0, 0),
(2041, 44, 922, 1, 1, 619, NULL, NULL, NULL, NULL, '2015-07-29 02:55:23', 0, 0),
(2042, 44, 920, 1, 2, 306, NULL, NULL, NULL, NULL, '2015-07-29 02:55:23', 0, 0),
(2043, 44, 913, 1, 0, 58, NULL, NULL, NULL, NULL, '2015-07-29 02:55:23', 1, 0),
(2044, 44, 914, 1, 1, 164, NULL, NULL, NULL, NULL, '2015-07-29 02:55:23', 1, 0),
(2045, 44, 921, 1, 0, 468, NULL, NULL, NULL, NULL, '2015-07-29 02:55:23', 1, 0),
(2046, 42, 923, 1, 0, 3576, NULL, NULL, NULL, NULL, '2015-07-29 03:00:03', 0, 0),
(2047, 42, 918, 1, 1, 5596, NULL, NULL, NULL, NULL, '2015-07-29 03:00:03', 0, 0),
(2048, 42, 919, 1, 2, 8392, NULL, NULL, NULL, NULL, '2015-07-29 03:00:03', 0, 0),
(2049, 42, 922, 1, 0, 3530, NULL, NULL, NULL, NULL, '2015-07-29 03:00:03', 0, 0),
(2050, 42, 920, 1, 0, 5202, NULL, NULL, NULL, NULL, '2015-07-29 03:00:03', 0, 0),
(2051, 42, 913, 1, 2, 6415, NULL, NULL, NULL, NULL, '2015-07-29 03:00:03', 0, 0),
(2052, 42, 914, 1, 1, 7145, NULL, NULL, NULL, NULL, '2015-07-29 03:00:04', 1, 0),
(2053, 43, 923, 1, 1, 1060, NULL, NULL, NULL, NULL, '2015-07-29 03:00:04', 0, 0),
(2054, 43, 918, 1, 0, 108, NULL, NULL, NULL, NULL, '2015-07-29 03:00:04', 1, 0),
(2055, 43, 919, 1, 1, 312, NULL, NULL, NULL, NULL, '2015-07-29 03:00:04', 1, 0),
(2056, 43, 922, 1, 1, 331, NULL, NULL, NULL, NULL, '2015-07-29 03:00:04', 0, 0),
(2057, 43, 920, 1, 0, 464, NULL, NULL, NULL, NULL, '2015-07-29 03:00:04', 0, 0),
(2058, 43, 913, 1, 0, 17, NULL, NULL, NULL, NULL, '2015-07-29 03:00:04', 1, 0),
(2059, 43, 914, 1, 2, 993, NULL, NULL, NULL, NULL, '2015-07-29 03:00:04', 0, 0),
(2060, 44, 923, 1, 2, 240, NULL, NULL, NULL, NULL, '2015-07-29 03:00:04', 0, 0),
(2061, 44, 918, 1, 1, 393, NULL, NULL, NULL, NULL, '2015-07-29 03:00:04', 0, 0),
(2062, 44, 919, 1, 0, 349, NULL, NULL, NULL, NULL, '2015-07-29 03:00:04', 0, 0),
(2063, 44, 922, 1, 2, 318, NULL, NULL, NULL, NULL, '2015-07-29 03:00:04', 0, 0),
(2064, 44, 920, 1, 1, 136, NULL, NULL, NULL, NULL, '2015-07-29 03:00:04', 0, 0),
(2065, 44, 913, 1, 0, 155, NULL, NULL, NULL, NULL, '2015-07-29 03:00:04', 1, 0),
(2066, 44, 914, 1, 1, 56, NULL, NULL, NULL, NULL, '2015-07-29 03:00:04', 1, 0),
(2067, 42, 927, 1, 0, 6468, NULL, NULL, NULL, NULL, '2015-07-29 03:09:52', 0, 0),
(2068, 42, 923, 1, 0, 1985, NULL, NULL, NULL, NULL, '2015-07-29 03:09:52', 0, 0),
(2069, 42, 925, 1, 2, 13771, NULL, NULL, NULL, NULL, '2015-07-29 03:09:52', 0, 0),
(2070, 42, 924, 1, 1, 9000, NULL, NULL, NULL, NULL, '2015-07-29 03:09:52', 0, 0),
(2071, 42, 918, 1, 1, 7130, NULL, NULL, NULL, NULL, '2015-07-29 03:09:52', 0, 0),
(2072, 42, 919, 1, 0, 9056, NULL, NULL, NULL, NULL, '2015-07-29 03:09:52', 0, 0),
(2073, 43, 927, 1, 1, 2406, NULL, NULL, NULL, NULL, '2015-07-29 03:09:52', 0, 0),
(2074, 43, 923, 1, 2, 1106, NULL, NULL, NULL, NULL, '2015-07-29 03:09:52', 0, 0),
(2075, 43, 925, 1, 1, 729, NULL, NULL, NULL, NULL, '2015-07-29 03:09:52', 0, 0),
(2076, 43, 924, 1, 2, 169, NULL, NULL, NULL, NULL, '2015-07-29 03:09:52', 0, 0),
(2077, 43, 918, 1, 1, 4179, NULL, NULL, NULL, NULL, '2015-07-29 03:09:52', 0, 0),
(2078, 43, 919, 1, 0, 1944, NULL, NULL, NULL, NULL, '2015-07-29 03:09:52', 0, 0),
(2079, 44, 927, 1, 2, 1077, NULL, NULL, NULL, NULL, '2015-07-29 03:09:52', 0, 0),
(2080, 44, 923, 1, 0, 583, NULL, NULL, NULL, NULL, '2015-07-29 03:09:52', 0, 0),
(2081, 44, 925, 1, 1, 517, NULL, NULL, NULL, NULL, '2015-07-29 03:09:52', 0, 0),
(2082, 44, 924, 1, 0, 1523, NULL, NULL, NULL, NULL, '2015-07-29 03:09:52', 0, 0),
(2083, 44, 918, 1, 2, 1254, NULL, NULL, NULL, NULL, '2015-07-29 03:09:52', 0, 0),
(2084, 44, 919, 1, 0, 13, NULL, NULL, NULL, NULL, '2015-07-29 03:09:52', 0, 0),
(2085, 29, 930, 1, 0, 100, NULL, NULL, NULL, NULL, '2015-07-29 03:18:35', 0, 0),
(2086, 29, 929, 1, 1, 200, NULL, NULL, NULL, NULL, '2015-07-29 03:18:45', 1, 0),
(2087, 29, 931, 2, 1, NULL, 100, 0, 30, 0, '2015-07-29 03:19:16', 0, 0),
(2088, 29, 927, 1, 2, 120, NULL, NULL, NULL, NULL, '2015-07-29 03:19:35', 0, 0),
(2089, 29, 932, 1, 0, 470, NULL, NULL, NULL, NULL, '2015-07-29 03:19:51', 0, 0),
(2090, 42, 928, 1, 1, 10042, NULL, NULL, NULL, NULL, '2015-07-29 03:19:52', 1, 0),
(2091, 42, 932, 1, 2, 5695, NULL, NULL, NULL, NULL, '2015-07-29 03:19:52', 0, 0),
(2092, 42, 927, 1, 0, 23481, NULL, NULL, NULL, NULL, '2015-07-29 03:19:52', 0, 0),
(2093, 42, 923, 1, 2, 10600, NULL, NULL, NULL, NULL, '2015-07-29 03:19:52', 0, 0),
(2094, 42, 931, 1, 2, 3235, NULL, NULL, NULL, NULL, '2015-07-29 03:19:52', 0, 0),
(2095, 42, 930, 1, 0, 12976, NULL, NULL, NULL, NULL, '2015-07-29 03:19:52', 0, 0),
(2096, 42, 929, 1, 1, 14780, NULL, NULL, NULL, NULL, '2015-07-29 03:19:52', 1, 0),
(2097, 43, 928, 1, 1, 3727, NULL, NULL, NULL, NULL, '2015-07-29 03:19:52', 1, 0),
(2098, 43, 932, 1, 2, 4582, NULL, NULL, NULL, NULL, '2015-07-29 03:19:52', 0, 0),
(2099, 43, 927, 1, 0, 6746, NULL, NULL, NULL, NULL, '2015-07-29 03:19:52', 0, 0),
(2100, 43, 923, 1, 1, 463, NULL, NULL, NULL, NULL, '2015-07-29 03:19:52', 0, 0),
(2101, 43, 931, 1, 0, 4620, NULL, NULL, NULL, NULL, '2015-07-29 03:19:52', 0, 0),
(2102, 43, 930, 1, 0, 498, NULL, NULL, NULL, NULL, '2015-07-29 03:19:52', 0, 0),
(2103, 43, 929, 1, 1, 960, NULL, NULL, NULL, NULL, '2015-07-29 03:19:52', 1, 0),
(2104, 44, 928, 1, 0, 1819, NULL, NULL, NULL, NULL, '2015-07-29 03:19:52', 0, 0),
(2105, 44, 932, 1, 0, 2202, NULL, NULL, NULL, NULL, '2015-07-29 03:19:52', 0, 0),
(2106, 44, 927, 1, 0, 1969, NULL, NULL, NULL, NULL, '2015-07-29 03:19:52', 0, 0),
(2107, 44, 923, 1, 1, 1088, NULL, NULL, NULL, NULL, '2015-07-29 03:19:52', 0, 0),
(2108, 44, 931, 1, 1, 1249, NULL, NULL, NULL, NULL, '2015-07-29 03:19:52', 0, 0),
(2109, 44, 930, 1, 0, 559, NULL, NULL, NULL, NULL, '2015-07-29 03:19:52', 0, 0),
(2110, 44, 929, 1, 1, 752, NULL, NULL, NULL, NULL, '2015-07-29 03:19:52', 1, 0),
(2111, 42, 936, 1, 1, 25545, NULL, NULL, NULL, NULL, '2015-07-29 03:29:52', 1, 0),
(2112, 42, 935, 1, 0, 1421, NULL, NULL, NULL, NULL, '2015-07-29 03:29:52', 0, 0),
(2113, 42, 928, 1, 1, 30724, NULL, NULL, NULL, NULL, '2015-07-29 03:29:52', 1, 0),
(2114, 42, 937, 1, 0, 25164, NULL, NULL, NULL, NULL, '2015-07-29 03:29:52', 0, 0),
(2115, 42, 934, 1, 0, 29203, NULL, NULL, NULL, NULL, '2015-07-29 03:29:52', 0, 0),
(2116, 43, 936, 1, 2, 492, NULL, NULL, NULL, NULL, '2015-07-29 03:29:52', 0, 0),
(2117, 43, 935, 1, 0, 6136, NULL, NULL, NULL, NULL, '2015-07-29 03:29:52', 0, 0),
(2118, 43, 928, 1, 1, 4017, NULL, NULL, NULL, NULL, '2015-07-29 03:29:52', 1, 0),
(2119, 43, 937, 1, 2, 3141, NULL, NULL, NULL, NULL, '2015-07-29 03:29:52', 0, 0),
(2120, 43, 934, 1, 1, 6090, NULL, NULL, NULL, NULL, '2015-07-29 03:29:52', 0, 0),
(2121, 44, 936, 1, 2, 1301, NULL, NULL, NULL, NULL, '2015-07-29 03:29:52', 0, 0),
(2122, 44, 935, 1, 1, 1382, NULL, NULL, NULL, NULL, '2015-07-29 03:29:52', 0, 0),
(2123, 44, 928, 1, 0, 1698, NULL, NULL, NULL, NULL, '2015-07-29 03:29:52', 0, 0),
(2124, 44, 937, 1, 2, 450, NULL, NULL, NULL, NULL, '2015-07-29 03:29:52', 0, 0),
(2125, 44, 934, 1, 0, 753, NULL, NULL, NULL, NULL, '2015-07-29 03:29:52', 0, 0),
(2126, 42, 938, 1, 1, 27277, NULL, NULL, NULL, NULL, '2015-07-29 03:39:52', 0, 0),
(2127, 42, 942, 1, 0, 2131, NULL, NULL, NULL, NULL, '2015-07-29 03:39:52', 1, 0),
(2128, 42, 941, 1, 1, 451, NULL, NULL, NULL, NULL, '2015-07-29 03:39:52', 0, 0),
(2129, 42, 939, 1, 1, 26058, NULL, NULL, NULL, NULL, '2015-07-29 03:39:52', 1, 0),
(2130, 43, 938, 1, 2, 3768, NULL, NULL, NULL, NULL, '2015-07-29 03:39:52', 0, 0),
(2131, 43, 942, 1, 2, 4818, NULL, NULL, NULL, NULL, '2015-07-29 03:39:52', 0, 0),
(2132, 43, 941, 1, 0, 5851, NULL, NULL, NULL, NULL, '2015-07-29 03:39:52', 0, 0),
(2133, 43, 939, 1, 1, 5486, NULL, NULL, NULL, NULL, '2015-07-29 03:39:52', 1, 0),
(2134, 44, 938, 1, 1, 1910, NULL, NULL, NULL, NULL, '2015-07-29 03:39:52', 0, 0),
(2135, 44, 942, 1, 0, 702, NULL, NULL, NULL, NULL, '2015-07-29 03:39:52', 1, 0),
(2136, 44, 941, 1, 1, 2049, NULL, NULL, NULL, NULL, '2015-07-29 03:39:52', 0, 0),
(2137, 44, 939, 1, 2, 2033, NULL, NULL, NULL, NULL, '2015-07-29 03:39:52', 0, 0),
(2138, 42, 946, 1, 1, 24496, NULL, NULL, NULL, NULL, '2015-07-29 03:49:52', 0, 0),
(2139, 42, 944, 1, 1, 28941, NULL, NULL, NULL, NULL, '2015-07-29 03:49:52', 0, 0),
(2140, 42, 947, 1, 2, 58241, NULL, NULL, NULL, NULL, '2015-07-29 03:49:52', 0, 0),
(2141, 43, 946, 1, 1, 5195, NULL, NULL, NULL, NULL, '2015-07-29 03:49:52', 0, 0),
(2142, 43, 944, 1, 2, 1212, NULL, NULL, NULL, NULL, '2015-07-29 03:49:52', 0, 0),
(2143, 43, 947, 1, 0, 7044, NULL, NULL, NULL, NULL, '2015-07-29 03:49:52', 0, 0),
(2144, 44, 946, 1, 0, 2778, NULL, NULL, NULL, NULL, '2015-07-29 03:49:52', 1, 0),
(2145, 44, 944, 1, 2, 1249, NULL, NULL, NULL, NULL, '2015-07-29 03:49:52', 0, 0),
(2146, 44, 947, 1, 2, 1319, NULL, NULL, NULL, NULL, '2015-07-29 03:49:52', 0, 0),
(2147, 42, 953, 1, 0, 59910, NULL, NULL, NULL, NULL, '2015-07-29 03:59:52', 0, 0),
(2148, 42, 950, 1, 1, 34282, NULL, NULL, NULL, NULL, '2015-07-29 03:59:52', 0, 0),
(2149, 42, 948, 1, 2, 747, NULL, NULL, NULL, NULL, '2015-07-29 03:59:52', 0, 0),
(2150, 42, 946, 1, 0, 53247, NULL, NULL, NULL, NULL, '2015-07-29 03:59:52', 1, 0),
(2151, 43, 953, 1, 2, 2874, NULL, NULL, NULL, NULL, '2015-07-29 03:59:52', 0, 0),
(2152, 43, 950, 1, 2, 2394, NULL, NULL, NULL, NULL, '2015-07-29 03:59:52', 0, 0),
(2153, 43, 948, 1, 2, 4309, NULL, NULL, NULL, NULL, '2015-07-29 03:59:52', 0, 0),
(2154, 43, 946, 1, 1, 9081, NULL, NULL, NULL, NULL, '2015-07-29 03:59:52', 0, 0),
(2155, 44, 953, 1, 0, 778, NULL, NULL, NULL, NULL, '2015-07-29 03:59:52', 0, 0),
(2156, 44, 950, 1, 2, 1534, NULL, NULL, NULL, NULL, '2015-07-29 03:59:52', 0, 0),
(2157, 44, 948, 1, 1, 2937, NULL, NULL, NULL, NULL, '2015-07-29 03:59:52', 0, 0),
(2158, 44, 946, 1, 2, 668, NULL, NULL, NULL, NULL, '2015-07-29 03:59:53', 0, 0),
(2159, 42, 958, 1, 2, 7508, NULL, NULL, NULL, NULL, '2015-07-29 04:09:52', 0, 0),
(2160, 42, 954, 1, 1, 42192, NULL, NULL, NULL, NULL, '2015-07-29 04:09:52', 0, 0),
(2161, 42, 953, 1, 2, 16059, NULL, NULL, NULL, NULL, '2015-07-29 04:09:52', 0, 0),
(2162, 42, 955, 1, 1, 43979, NULL, NULL, NULL, NULL, '2015-07-29 04:09:52', 1, 0),
(2163, 43, 958, 1, 1, 3901, NULL, NULL, NULL, NULL, '2015-07-29 04:09:52', 0, 0),
(2164, 43, 954, 1, 1, 6739, NULL, NULL, NULL, NULL, '2015-07-29 04:09:52', 0, 0),
(2165, 43, 953, 1, 1, 6304, NULL, NULL, NULL, NULL, '2015-07-29 04:09:52', 1, 0),
(2166, 43, 955, 1, 1, 2802, NULL, NULL, NULL, NULL, '2015-07-29 04:09:52', 1, 0),
(2167, 44, 958, 1, 1, 2795, NULL, NULL, NULL, NULL, '2015-07-29 04:09:52', 0, 0),
(2168, 44, 954, 1, 2, 1337, NULL, NULL, NULL, NULL, '2015-07-29 04:09:52', 0, 0),
(2169, 44, 953, 1, 1, 165, NULL, NULL, NULL, NULL, '2015-07-29 04:09:52', 1, 0),
(2170, 44, 955, 1, 2, 1920, NULL, NULL, NULL, NULL, '2015-07-29 04:09:52', 0, 0),
(2171, 42, 958, 1, 1, 50862, NULL, NULL, NULL, NULL, '2015-07-29 04:19:52', 0, 0),
(2172, 42, 961, 1, 0, 46523, NULL, NULL, NULL, NULL, '2015-07-29 04:19:52', 0, 0),
(2173, 42, 962, 1, 2, 54963, NULL, NULL, NULL, NULL, '2015-07-29 04:19:52', 0, 0),
(2174, 42, 963, 1, 1, 65132, NULL, NULL, NULL, NULL, '2015-07-29 04:19:52', 1, 0),
(2175, 42, 954, 1, 1, 1923, NULL, NULL, NULL, NULL, '2015-07-29 04:19:52', 0, 0),
(2176, 43, 958, 1, 1, 8345, NULL, NULL, NULL, NULL, '2015-07-29 04:19:52', 0, 0),
(2177, 43, 961, 1, 2, 1501, NULL, NULL, NULL, NULL, '2015-07-29 04:19:52', 0, 0),
(2178, 43, 962, 1, 0, 6022, NULL, NULL, NULL, NULL, '2015-07-29 04:19:52', 0, 0),
(2179, 43, 963, 1, 2, 9009, NULL, NULL, NULL, NULL, '2015-07-29 04:19:52', 0, 0),
(2180, 43, 954, 1, 0, 609, NULL, NULL, NULL, NULL, '2015-07-29 04:19:52', 1, 0),
(2181, 44, 958, 1, 1, 1984, NULL, NULL, NULL, NULL, '2015-07-29 04:19:52', 0, 0),
(2182, 44, 961, 1, 1, 1475, NULL, NULL, NULL, NULL, '2015-07-29 04:19:52', 1, 0),
(2183, 44, 962, 1, 2, 2139, NULL, NULL, NULL, NULL, '2015-07-29 04:19:53', 0, 0),
(2184, 44, 963, 1, 0, 1425, NULL, NULL, NULL, NULL, '2015-07-29 04:19:53', 0, 0),
(2185, 44, 954, 1, 1, 2265, NULL, NULL, NULL, NULL, '2015-07-29 04:19:53', 0, 0),
(2186, 42, 968, 1, 1, 26526, NULL, NULL, NULL, NULL, '2015-07-29 04:29:52', 0, 0),
(2187, 42, 967, 1, 0, 5319, NULL, NULL, NULL, NULL, '2015-07-29 04:29:52', 0, 0),
(2188, 42, 966, 1, 2, 30813, NULL, NULL, NULL, NULL, '2015-07-29 04:29:52', 0, 0),
(2189, 42, 965, 1, 1, 54153, NULL, NULL, NULL, NULL, '2015-07-29 04:29:52', 0, 0),
(2190, 42, 958, 1, 1, 5193, NULL, NULL, NULL, NULL, '2015-07-29 04:29:52', 0, 0),
(2191, 42, 961, 1, 0, 45732, NULL, NULL, NULL, NULL, '2015-07-29 04:29:52', 0, 0),
(2192, 42, 964, 1, 0, 53102, NULL, NULL, NULL, NULL, '2015-07-29 04:29:52', 1, 0),
(2193, 42, 962, 1, 1, 40214, NULL, NULL, NULL, NULL, '2015-07-29 04:29:52', 0, 0),
(2194, 43, 968, 1, 2, 11053, NULL, NULL, NULL, NULL, '2015-07-29 04:29:52', 0, 0),
(2195, 43, 967, 1, 2, 1752, NULL, NULL, NULL, NULL, '2015-07-29 04:29:52', 0, 0),
(2196, 43, 966, 1, 0, 4422, NULL, NULL, NULL, NULL, '2015-07-29 04:29:52', 1, 0),
(2197, 43, 965, 1, 2, 11192, NULL, NULL, NULL, NULL, '2015-07-29 04:29:52', 0, 0),
(2198, 43, 958, 1, 0, 5632, NULL, NULL, NULL, NULL, '2015-07-29 04:29:52', 0, 0),
(2199, 43, 961, 1, 0, 967, NULL, NULL, NULL, NULL, '2015-07-29 04:29:52', 0, 0),
(2200, 43, 964, 1, 0, 1897, NULL, NULL, NULL, NULL, '2015-07-29 04:29:52', 1, 0),
(2201, 43, 962, 1, 2, 3748, NULL, NULL, NULL, NULL, '2015-07-29 04:29:52', 0, 0),
(2202, 44, 968, 1, 1, 3285, NULL, NULL, NULL, NULL, '2015-07-29 04:29:52', 0, 0),
(2203, 44, 967, 1, 0, 611, NULL, NULL, NULL, NULL, '2015-07-29 04:29:52', 0, 0),
(2204, 44, 966, 1, 0, 1836, NULL, NULL, NULL, NULL, '2015-07-29 04:29:52', 1, 0),
(2205, 44, 965, 1, 2, 217, NULL, NULL, NULL, NULL, '2015-07-29 04:29:52', 0, 0),
(2206, 44, 958, 1, 1, 524, NULL, NULL, NULL, NULL, '2015-07-29 04:29:52', 0, 0),
(2207, 44, 961, 1, 2, 3585, NULL, NULL, NULL, NULL, '2015-07-29 04:29:53', 0, 0),
(2208, 44, 964, 1, 1, 499, NULL, NULL, NULL, NULL, '2015-07-29 04:29:53', 0, 0),
(2209, 44, 962, 1, 0, 744, NULL, NULL, NULL, NULL, '2015-07-29 04:29:53', 0, 0),
(2210, 42, 973, 1, 0, 21541, NULL, NULL, NULL, NULL, '2015-07-29 04:39:53', 0, 0),
(2211, 42, 968, 1, 1, 22124, NULL, NULL, NULL, NULL, '2015-07-29 04:39:53', 0, 0),
(2212, 42, 970, 1, 2, 10795, NULL, NULL, NULL, NULL, '2015-07-29 04:39:53', 0, 0),
(2213, 42, 971, 1, 1, 44332, NULL, NULL, NULL, NULL, '2015-07-29 04:39:53', 1, 0),
(2214, 42, 972, 1, 0, 73210, NULL, NULL, NULL, NULL, '2015-07-29 04:39:53', 1, 0),
(2215, 43, 973, 1, 0, 9115, NULL, NULL, NULL, NULL, '2015-07-29 04:39:53', 0, 0),
(2216, 43, 968, 1, 2, 5664, NULL, NULL, NULL, NULL, '2015-07-29 04:39:53', 0, 0),
(2217, 43, 970, 1, 1, 64, NULL, NULL, NULL, NULL, '2015-07-29 04:39:53', 0, 0),
(2218, 43, 971, 1, 2, 3558, NULL, NULL, NULL, NULL, '2015-07-29 04:39:53', 0, 0),
(2219, 43, 972, 1, 2, 3617, NULL, NULL, NULL, NULL, '2015-07-29 04:39:53', 0, 0),
(2220, 44, 973, 1, 2, 1959, NULL, NULL, NULL, NULL, '2015-07-29 04:39:53', 0, 0),
(2221, 44, 968, 1, 1, 2435, NULL, NULL, NULL, NULL, '2015-07-29 04:39:53', 0, 0),
(2222, 44, 970, 1, 1, 1795, NULL, NULL, NULL, NULL, '2015-07-29 04:39:53', 0, 0),
(2223, 44, 971, 1, 1, 1490, NULL, NULL, NULL, NULL, '2015-07-29 04:39:53', 1, 0),
(2224, 44, 972, 1, 2, 23, NULL, NULL, NULL, NULL, '2015-07-29 04:39:53', 0, 0),
(2225, 42, 977, 1, 2, 65877, NULL, NULL, NULL, NULL, '2015-07-29 04:49:52', 0, 0),
(2226, 42, 976, 1, 0, 95161, NULL, NULL, NULL, NULL, '2015-07-29 04:49:52', 0, 0),
(2227, 42, 975, 1, 1, 13248, NULL, NULL, NULL, NULL, '2015-07-29 04:49:53', 0, 0),
(2228, 42, 974, 1, 0, 97449, NULL, NULL, NULL, NULL, '2015-07-29 04:49:53', 0, 0),
(2229, 42, 973, 1, 0, 87280, NULL, NULL, NULL, NULL, '2015-07-29 04:49:53', 0, 0),
(2230, 43, 977, 1, 2, 6738, NULL, NULL, NULL, NULL, '2015-07-29 04:49:53', 0, 0),
(2231, 43, 976, 1, 1, 8323, NULL, NULL, NULL, NULL, '2015-07-29 04:49:53', 1, 0),
(2232, 43, 975, 1, 0, 5740, NULL, NULL, NULL, NULL, '2015-07-29 04:49:53', 0, 0),
(2233, 43, 974, 1, 0, 12566, NULL, NULL, NULL, NULL, '2015-07-29 04:49:53', 0, 0),
(2234, 43, 973, 1, 0, 12230, NULL, NULL, NULL, NULL, '2015-07-29 04:49:53', 0, 0),
(2235, 44, 977, 1, 2, 2906, NULL, NULL, NULL, NULL, '2015-07-29 04:49:53', 0, 0),
(2236, 44, 976, 1, 1, 1920, NULL, NULL, NULL, NULL, '2015-07-29 04:49:53', 1, 0),
(2237, 44, 975, 1, 2, 1781, NULL, NULL, NULL, NULL, '2015-07-29 04:49:53', 0, 0),
(2238, 44, 974, 1, 1, 1287, NULL, NULL, NULL, NULL, '2015-07-29 04:49:53', 0, 0),
(2239, 44, 973, 1, 1, 3347, NULL, NULL, NULL, NULL, '2015-07-29 04:49:53', 1, 0),
(2240, 42, 978, 1, 1, 9287, NULL, NULL, NULL, NULL, '2015-07-29 04:59:52', 1, 0),
(2241, 42, 982, 1, 0, 3115, NULL, NULL, NULL, NULL, '2015-07-29 04:59:52', 0, 0),
(2242, 42, 977, 1, 1, 37691, NULL, NULL, NULL, NULL, '2015-07-29 04:59:52', 1, 0),
(2243, 42, 980, 1, 1, 73166, NULL, NULL, NULL, NULL, '2015-07-29 04:59:52', 1, 0),
(2244, 43, 978, 1, 1, 1663, NULL, NULL, NULL, NULL, '2015-07-29 04:59:52', 1, 0),
(2245, 43, 982, 1, 1, 9518, NULL, NULL, NULL, NULL, '2015-07-29 04:59:52', 0, 0),
(2246, 43, 977, 1, 2, 434, NULL, NULL, NULL, NULL, '2015-07-29 04:59:52', 0, 0),
(2247, 43, 980, 1, 0, 5162, NULL, NULL, NULL, NULL, '2015-07-29 04:59:52', 0, 0),
(2248, 44, 978, 1, 1, 1497, NULL, NULL, NULL, NULL, '2015-07-29 04:59:52', 1, 0),
(2249, 44, 982, 1, 0, 2834, NULL, NULL, NULL, NULL, '2015-07-29 04:59:52', 0, 0),
(2250, 44, 977, 1, 2, 4039, NULL, NULL, NULL, NULL, '2015-07-29 04:59:52', 0, 0),
(2251, 44, 980, 1, 0, 1687, NULL, NULL, NULL, NULL, '2015-07-29 04:59:52', 0, 0),
(2252, 42, 988, 1, 1, 108377, NULL, NULL, NULL, NULL, '2015-07-29 05:09:52', 0, 0),
(2253, 42, 985, 1, 2, 109635, NULL, NULL, NULL, NULL, '2015-07-29 05:09:52', 0, 0),
(2254, 42, 984, 1, 2, 86235, NULL, NULL, NULL, NULL, '2015-07-29 05:09:52', 0, 0),
(2255, 42, 987, 1, 0, 1603, NULL, NULL, NULL, NULL, '2015-07-29 05:09:52', 0, 0),
(2256, 42, 983, 1, 1, 80629, NULL, NULL, NULL, NULL, '2015-07-29 05:09:52', 1, 0),
(2257, 43, 988, 1, 2, 6583, NULL, NULL, NULL, NULL, '2015-07-29 05:09:53', 0, 0),
(2258, 43, 985, 1, 0, 1967, NULL, NULL, NULL, NULL, '2015-07-29 05:09:53', 0, 0),
(2259, 43, 984, 1, 2, 10533, NULL, NULL, NULL, NULL, '2015-07-29 05:09:53', 0, 0),
(2260, 43, 987, 1, 1, 2297, NULL, NULL, NULL, NULL, '2015-07-29 05:09:53', 0, 0),
(2261, 43, 983, 1, 0, 9761, NULL, NULL, NULL, NULL, '2015-07-29 05:09:53', 0, 0),
(2262, 44, 988, 1, 1, 1150, NULL, NULL, NULL, NULL, '2015-07-29 05:09:53', 0, 0),
(2263, 44, 985, 1, 2, 5738, NULL, NULL, NULL, NULL, '2015-07-29 05:09:53', 0, 0),
(2264, 44, 984, 1, 1, 1929, NULL, NULL, NULL, NULL, '2015-07-29 05:09:53', 0, 0),
(2265, 44, 987, 1, 1, 581, NULL, NULL, NULL, NULL, '2015-07-29 05:09:53', 0, 0),
(2266, 44, 983, 1, 1, 2935, NULL, NULL, NULL, NULL, '2015-07-29 05:09:53', 1, 0),
(2267, 42, 993, 1, 0, 13043, NULL, NULL, NULL, NULL, '2015-07-29 05:19:54', 1, 0),
(2268, 42, 991, 1, 1, 35406, NULL, NULL, NULL, NULL, '2015-07-29 05:19:54', 0, 0),
(2269, 42, 990, 1, 0, 43768, NULL, NULL, NULL, NULL, '2015-07-29 05:19:54', 0, 0),
(2270, 42, 989, 1, 1, 55204, NULL, NULL, NULL, NULL, '2015-07-29 05:19:54', 0, 0),
(2271, 42, 988, 1, 2, 83550, NULL, NULL, NULL, NULL, '2015-07-29 05:19:54', 0, 0),
(2272, 43, 993, 1, 0, 18008, NULL, NULL, NULL, NULL, '2015-07-29 05:19:55', 1, 0),
(2273, 43, 991, 1, 0, 18364, NULL, NULL, NULL, NULL, '2015-07-29 05:19:55', 1, 0),
(2274, 43, 990, 1, 2, 15371, NULL, NULL, NULL, NULL, '2015-07-29 05:19:55', 0, 0),
(2275, 43, 989, 1, 2, 18448, NULL, NULL, NULL, NULL, '2015-07-29 05:19:55', 0, 0),
(2276, 43, 988, 1, 1, 17761, NULL, NULL, NULL, NULL, '2015-07-29 05:19:55', 0, 0),
(2277, 44, 993, 1, 0, 885, NULL, NULL, NULL, NULL, '2015-07-29 05:19:55', 1, 0),
(2278, 44, 991, 1, 1, 3469, NULL, NULL, NULL, NULL, '2015-07-29 05:19:55', 0, 0),
(2279, 44, 990, 1, 0, 3906, NULL, NULL, NULL, NULL, '2015-07-29 05:19:55', 0, 0),
(2280, 44, 989, 1, 0, 3251, NULL, NULL, NULL, NULL, '2015-07-29 05:19:55', 1, 0),
(2281, 44, 988, 1, 1, 1807, NULL, NULL, NULL, NULL, '2015-07-29 05:19:55', 0, 0),
(2282, 42, 996, 1, 0, 96876, NULL, NULL, NULL, NULL, '2015-07-29 05:29:52', 0, 0),
(2283, 42, 997, 1, 2, 68046, NULL, NULL, NULL, NULL, '2015-07-29 05:29:53', 0, 0),
(2284, 42, 995, 1, 2, 64758, NULL, NULL, NULL, NULL, '2015-07-29 05:29:53', 0, 0),
(2285, 42, 994, 1, 0, 100804, NULL, NULL, NULL, NULL, '2015-07-29 05:29:53', 0, 0),
(2286, 42, 993, 1, 2, 83420, NULL, NULL, NULL, NULL, '2015-07-29 05:29:53', 0, 0),
(2287, 43, 996, 1, 2, 11114, NULL, NULL, NULL, NULL, '2015-07-29 05:29:53', 0, 0),
(2288, 43, 997, 1, 1, 10839, NULL, NULL, NULL, NULL, '2015-07-29 05:29:53', 1, 0),
(2289, 43, 995, 1, 1, 4774, NULL, NULL, NULL, NULL, '2015-07-29 05:29:53', 1, 0),
(2290, 43, 994, 1, 0, 10695, NULL, NULL, NULL, NULL, '2015-07-29 05:29:53', 0, 0),
(2291, 43, 993, 1, 0, 8532, NULL, NULL, NULL, NULL, '2015-07-29 05:29:53', 1, 0),
(2292, 44, 996, 1, 2, 2594, NULL, NULL, NULL, NULL, '2015-07-29 05:29:53', 0, 0),
(2293, 44, 997, 1, 2, 4863, NULL, NULL, NULL, NULL, '2015-07-29 05:29:53', 0, 0),
(2294, 44, 995, 1, 0, 4789, NULL, NULL, NULL, NULL, '2015-07-29 05:29:53', 0, 0),
(2295, 44, 994, 1, 0, 4684, NULL, NULL, NULL, NULL, '2015-07-29 05:29:53', 0, 0),
(2296, 44, 993, 1, 1, 6024, NULL, NULL, NULL, NULL, '2015-07-29 05:29:53', 0, 0),
(2297, 42, 1002, 1, 2, 97580, NULL, NULL, NULL, NULL, '2015-07-29 05:39:53', 0, 0),
(2298, 42, 1000, 1, 0, 114674, NULL, NULL, NULL, NULL, '2015-07-29 05:39:53', 0, 0),
(2299, 42, 1001, 1, 0, 161818, NULL, NULL, NULL, NULL, '2015-07-29 05:39:53', 0, 0),
(2300, 43, 1002, 1, 2, 21311, NULL, NULL, NULL, NULL, '2015-07-29 05:39:53', 0, 0),
(2301, 43, 1000, 1, 1, 20788, NULL, NULL, NULL, NULL, '2015-07-29 05:39:53', 0, 0),
(2302, 43, 1001, 1, 1, 7194, NULL, NULL, NULL, NULL, '2015-07-29 05:39:53', 1, 0),
(2303, 44, 1002, 1, 0, 5017, NULL, NULL, NULL, NULL, '2015-07-29 05:39:53', 1, 0),
(2304, 44, 1000, 1, 2, 1049, NULL, NULL, NULL, NULL, '2015-07-29 05:39:53', 0, 0),
(2305, 44, 1001, 1, 0, 2189, NULL, NULL, NULL, NULL, '2015-07-29 05:39:53', 0, 0),
(2306, 42, 1008, 1, 1, 98117, NULL, NULL, NULL, NULL, '2015-07-29 05:49:53', 0, 0),
(2307, 42, 1006, 1, 1, 31722, NULL, NULL, NULL, NULL, '2015-07-29 05:49:53', 1, 0),
(2308, 42, 1004, 1, 1, 85659, NULL, NULL, NULL, NULL, '2015-07-29 05:49:54', 0, 0),
(2309, 42, 1003, 1, 1, 143386, NULL, NULL, NULL, NULL, '2015-07-29 05:49:54', 0, 0),
(2310, 42, 1007, 1, 0, 52366, NULL, NULL, NULL, NULL, '2015-07-29 05:49:54', 0, 0),
(2311, 42, 1002, 1, 1, 69773, NULL, NULL, NULL, NULL, '2015-07-29 05:49:54', 0, 0),
(2312, 43, 1008, 1, 2, 18406, NULL, NULL, NULL, NULL, '2015-07-29 05:49:54', 0, 0),
(2313, 43, 1006, 1, 0, 33734, NULL, NULL, NULL, NULL, '2015-07-29 05:49:54', 0, 0),
(2314, 43, 1004, 1, 0, 15019, NULL, NULL, NULL, NULL, '2015-07-29 05:49:54', 0, 0),
(2315, 43, 1003, 1, 2, 11011, NULL, NULL, NULL, NULL, '2015-07-29 05:49:54', 0, 0),
(2316, 43, 1007, 1, 2, 27440, NULL, NULL, NULL, NULL, '2015-07-29 05:49:54', 0, 0),
(2317, 43, 1002, 1, 0, 32629, NULL, NULL, NULL, NULL, '2015-07-29 05:49:54', 1, 0),
(2318, 44, 1008, 1, 1, 1532, NULL, NULL, NULL, NULL, '2015-07-29 05:49:54', 0, 0),
(2319, 44, 1006, 1, 2, 2081, NULL, NULL, NULL, NULL, '2015-07-29 05:49:54', 0, 0),
(2320, 44, 1004, 1, 1, 4710, NULL, NULL, NULL, NULL, '2015-07-29 05:49:54', 0, 0),
(2321, 44, 1003, 1, 1, 7790, NULL, NULL, NULL, NULL, '2015-07-29 05:49:54', 0, 0),
(2322, 44, 1007, 1, 1, 6897, NULL, NULL, NULL, NULL, '2015-07-29 05:49:54', 0, 0),
(2323, 44, 1002, 1, 2, 2872, NULL, NULL, NULL, NULL, '2015-07-29 05:49:54', 0, 0),
(2324, 42, 1013, 1, 2, 119754, NULL, NULL, NULL, NULL, '2015-07-29 05:59:53', 0, 0),
(2325, 42, 1011, 1, 0, 141059, NULL, NULL, NULL, NULL, '2015-07-29 05:59:53', 1, 0),
(2326, 42, 1012, 1, 0, 43080, NULL, NULL, NULL, NULL, '2015-07-29 05:59:54', 1, 0),
(2327, 42, 1008, 1, 0, 153486, NULL, NULL, NULL, NULL, '2015-07-29 05:59:54', 1, 0),
(2328, 42, 1009, 1, 1, 24859, NULL, NULL, NULL, NULL, '2015-07-29 05:59:54', 0, 0),
(2329, 42, 1004, 1, 1, 35580, NULL, NULL, NULL, NULL, '2015-07-29 05:59:54', 0, 0),
(2330, 42, 1006, 1, 2, 103875, NULL, NULL, NULL, NULL, '2015-07-29 05:59:54', 0, 0),
(2331, 43, 1013, 1, 0, 14929, NULL, NULL, NULL, NULL, '2015-07-29 05:59:54', 1, 0),
(2332, 43, 1011, 1, 0, 5379, NULL, NULL, NULL, NULL, '2015-07-29 05:59:54', 1, 0),
(2333, 43, 1012, 1, 1, 6323, NULL, NULL, NULL, NULL, '2015-07-29 05:59:54', 0, 0),
(2334, 43, 1008, 1, 0, 23719, NULL, NULL, NULL, NULL, '2015-07-29 05:59:54', 1, 0),
(2335, 43, 1009, 1, 0, 21531, NULL, NULL, NULL, NULL, '2015-07-29 05:59:54', 1, 0),
(2336, 43, 1004, 1, 2, 26139, NULL, NULL, NULL, NULL, '2015-07-29 05:59:54', 0, 0),
(2337, 43, 1006, 1, 0, 26825, NULL, NULL, NULL, NULL, '2015-07-29 05:59:54', 0, 0),
(2338, 44, 1013, 1, 2, 5138, NULL, NULL, NULL, NULL, '2015-07-29 05:59:54', 0, 0),
(2339, 44, 1011, 1, 1, 6162, NULL, NULL, NULL, NULL, '2015-07-29 05:59:54', 0, 0),
(2340, 44, 1012, 1, 1, 4680, NULL, NULL, NULL, NULL, '2015-07-29 05:59:54', 0, 0),
(2341, 44, 1008, 1, 0, 6871, NULL, NULL, NULL, NULL, '2015-07-29 05:59:54', 1, 0),
(2342, 44, 1009, 1, 1, 4521, NULL, NULL, NULL, NULL, '2015-07-29 05:59:54', 0, 0),
(2343, 44, 1004, 1, 0, 1806, NULL, NULL, NULL, NULL, '2015-07-29 05:59:54', 0, 0),
(2344, 44, 1006, 1, 0, 2233, NULL, NULL, NULL, NULL, '2015-07-29 05:59:54', 0, 0),
(2345, 42, 1018, 1, 1, 120867, NULL, NULL, NULL, NULL, '2015-07-29 06:09:54', 0, 0),
(2346, 42, 1016, 1, 2, 29084, NULL, NULL, NULL, NULL, '2015-07-29 06:09:54', 0, 0),
(2347, 42, 1013, 1, 1, 18804, NULL, NULL, NULL, NULL, '2015-07-29 06:09:54', 0, 0),
(2348, 42, 1017, 1, 2, 86972, NULL, NULL, NULL, NULL, '2015-07-29 06:09:54', 0, 0),
(2349, 42, 1014, 1, 0, 108678, NULL, NULL, NULL, NULL, '2015-07-29 06:09:54', 1, 0),
(2350, 42, 1015, 1, 2, 25358, NULL, NULL, NULL, NULL, '2015-07-29 06:09:54', 0, 0),
(2351, 42, 1011, 1, 1, 69045, NULL, NULL, NULL, NULL, '2015-07-29 06:09:54', 0, 0),
(2352, 43, 1018, 1, 0, 15824, NULL, NULL, NULL, NULL, '2015-07-29 06:09:54', 0, 0),
(2353, 43, 1016, 1, 1, 12594, NULL, NULL, NULL, NULL, '2015-07-29 06:09:54', 1, 0),
(2354, 43, 1013, 1, 2, 7746, NULL, NULL, NULL, NULL, '2015-07-29 06:09:54', 0, 0),
(2355, 43, 1017, 1, 2, 19344, NULL, NULL, NULL, NULL, '2015-07-29 06:09:54', 0, 0),
(2356, 43, 1014, 1, 0, 12695, NULL, NULL, NULL, NULL, '2015-07-29 06:09:54', 1, 0),
(2357, 43, 1015, 1, 0, 12688, NULL, NULL, NULL, NULL, '2015-07-29 06:09:54', 0, 0),
(2358, 43, 1011, 1, 2, 28481, NULL, NULL, NULL, NULL, '2015-07-29 06:09:54', 0, 0),
(2359, 44, 1018, 1, 1, 2920, NULL, NULL, NULL, NULL, '2015-07-29 06:09:54', 0, 0),
(2360, 44, 1016, 1, 2, 4828, NULL, NULL, NULL, NULL, '2015-07-29 06:09:54', 0, 0),
(2361, 44, 1013, 1, 2, 7267, NULL, NULL, NULL, NULL, '2015-07-29 06:09:54', 0, 0),
(2362, 44, 1017, 1, 1, 621, NULL, NULL, NULL, NULL, '2015-07-29 06:09:54', 1, 0),
(2363, 44, 1014, 1, 0, 7009, NULL, NULL, NULL, NULL, '2015-07-29 06:09:54', 1, 0),
(2364, 44, 1015, 1, 2, 520, NULL, NULL, NULL, NULL, '2015-07-29 06:09:54', 0, 0),
(2365, 44, 1011, 1, 2, 4609, NULL, NULL, NULL, NULL, '2015-07-29 06:09:54', 0, 0),
(2366, 42, 1022, 1, 2, 202431, NULL, NULL, NULL, NULL, '2015-07-29 06:19:53', 0, 0),
(2367, 42, 1019, 1, 1, 183751, NULL, NULL, NULL, NULL, '2015-07-29 06:19:53', 1, 0),
(2368, 42, 1021, 1, 1, 121501, NULL, NULL, NULL, NULL, '2015-07-29 06:19:53', 1, 0),
(2369, 42, 1018, 1, 0, 123834, NULL, NULL, NULL, NULL, '2015-07-29 06:19:53', 0, 0),
(2370, 42, 1016, 1, 2, 138041, NULL, NULL, NULL, NULL, '2015-07-29 06:19:53', 0, 0),
(2371, 42, 1013, 1, 2, 102785, NULL, NULL, NULL, NULL, '2015-07-29 06:19:53', 0, 0),
(2372, 42, 1017, 1, 0, 31791, NULL, NULL, NULL, NULL, '2015-07-29 06:19:53', 0, 0),
(2373, 42, 1014, 1, 1, 105988, NULL, NULL, NULL, NULL, '2015-07-29 06:19:53', 0, 0),
(2374, 42, 1020, 1, 0, 11640, NULL, NULL, NULL, NULL, '2015-07-29 06:19:54', 0, 0),
(2375, 43, 1022, 1, 2, 4467, NULL, NULL, NULL, NULL, '2015-07-29 06:19:54', 0, 0),
(2376, 43, 1019, 1, 1, 26056, NULL, NULL, NULL, NULL, '2015-07-29 06:19:54', 1, 0),
(2377, 43, 1021, 1, 1, 19883, NULL, NULL, NULL, NULL, '2015-07-29 06:19:54', 1, 0),
(2378, 43, 1018, 1, 2, 12393, NULL, NULL, NULL, NULL, '2015-07-29 06:19:54', 0, 0),
(2379, 43, 1016, 1, 0, 22738, NULL, NULL, NULL, NULL, '2015-07-29 06:19:54', 0, 0),
(2380, 43, 1013, 1, 2, 49440, NULL, NULL, NULL, NULL, '2015-07-29 06:19:54', 0, 0),
(2381, 43, 1017, 1, 2, 18770, NULL, NULL, NULL, NULL, '2015-07-29 06:19:54', 0, 0),
(2382, 43, 1014, 1, 1, 12144, NULL, NULL, NULL, NULL, '2015-07-29 06:19:54', 0, 0),
(2383, 43, 1020, 1, 2, 6182, NULL, NULL, NULL, NULL, '2015-07-29 06:19:54', 0, 0),
(2384, 44, 1022, 1, 2, 4948, NULL, NULL, NULL, NULL, '2015-07-29 06:19:54', 0, 0),
(2385, 44, 1019, 1, 0, 3933, NULL, NULL, NULL, NULL, '2015-07-29 06:19:54', 0, 0),
(2386, 44, 1021, 1, 2, 2658, NULL, NULL, NULL, NULL, '2015-07-29 06:19:54', 0, 0),
(2387, 44, 1018, 1, 1, 6973, NULL, NULL, NULL, NULL, '2015-07-29 06:19:54', 0, 0),
(2388, 44, 1016, 1, 0, 1809, NULL, NULL, NULL, NULL, '2015-07-29 06:19:54', 0, 0),
(2389, 44, 1013, 1, 2, 1021, NULL, NULL, NULL, NULL, '2015-07-29 06:19:54', 0, 0),
(2390, 44, 1017, 1, 0, 9706, NULL, NULL, NULL, NULL, '2015-07-29 06:19:54', 0, 0),
(2391, 44, 1014, 1, 1, 9264, NULL, NULL, NULL, NULL, '2015-07-29 06:19:54', 0, 0),
(2392, 44, 1020, 1, 1, 7597, NULL, NULL, NULL, NULL, '2015-07-29 06:19:54', 0, 0),
(2393, 42, 1032, 1, 2, 79406, NULL, NULL, NULL, NULL, '2015-07-29 06:29:55', 0, 0),
(2394, 42, 1023, 1, 0, 131618, NULL, NULL, NULL, NULL, '2015-07-29 06:29:55', 0, 0),
(2395, 42, 1029, 1, 1, 32143, NULL, NULL, NULL, NULL, '2015-07-29 06:29:55', 0, 0),
(2396, 42, 1030, 1, 2, 104365, NULL, NULL, NULL, NULL, '2015-07-29 06:29:55', 0, 0),
(2397, 42, 1028, 1, 0, 140404, NULL, NULL, NULL, NULL, '2015-07-29 06:29:55', 1, 0),
(2398, 42, 1024, 1, 2, 126287, NULL, NULL, NULL, NULL, '2015-07-29 06:29:55', 0, 0),
(2399, 42, 1031, 1, 0, 108007, NULL, NULL, NULL, NULL, '2015-07-29 06:29:55', 0, 0),
(2400, 42, 1025, 1, 1, 155655, NULL, NULL, NULL, NULL, '2015-07-29 06:29:55', 0, 0),
(2401, 42, 1022, 1, 0, 87192, NULL, NULL, NULL, NULL, '2015-07-29 06:29:55', 0, 0),
(2402, 42, 1019, 1, 2, 16989, NULL, NULL, NULL, NULL, '2015-07-29 06:29:55', 0, 0),
(2403, 43, 1032, 1, 1, 30114, NULL, NULL, NULL, NULL, '2015-07-29 06:29:55', 1, 0),
(2404, 43, 1023, 1, 2, 4494, NULL, NULL, NULL, NULL, '2015-07-29 06:29:55', 0, 0),
(2405, 43, 1029, 1, 2, 15979, NULL, NULL, NULL, NULL, '2015-07-29 06:29:55', 0, 0),
(2406, 43, 1030, 1, 2, 18375, NULL, NULL, NULL, NULL, '2015-07-29 06:29:55', 0, 0),
(2407, 43, 1028, 1, 0, 32909, NULL, NULL, NULL, NULL, '2015-07-29 06:29:55', 1, 0),
(2408, 43, 1024, 1, 1, 16337, NULL, NULL, NULL, NULL, '2015-07-29 06:29:55', 0, 0),
(2409, 43, 1031, 1, 0, 303, NULL, NULL, NULL, NULL, '2015-07-29 06:29:56', 0, 0),
(2410, 43, 1025, 1, 1, 13955, NULL, NULL, NULL, NULL, '2015-07-29 06:29:56', 0, 0),
(2411, 43, 1022, 1, 1, 36165, NULL, NULL, NULL, NULL, '2015-07-29 06:29:56', 1, 0),
(2412, 43, 1019, 1, 1, 11105, NULL, NULL, NULL, NULL, '2015-07-29 06:29:56', 1, 0),
(2413, 44, 1032, 1, 0, 5422, NULL, NULL, NULL, NULL, '2015-07-29 06:29:56', 0, 0),
(2414, 44, 1023, 1, 1, 5607, NULL, NULL, NULL, NULL, '2015-07-29 06:29:56', 0, 0),
(2415, 44, 1029, 1, 2, 2162, NULL, NULL, NULL, NULL, '2015-07-29 06:29:56', 0, 0),
(2416, 44, 1030, 1, 1, 3832, NULL, NULL, NULL, NULL, '2015-07-29 06:29:56', 1, 0),
(2417, 44, 1028, 1, 0, 6065, NULL, NULL, NULL, NULL, '2015-07-29 06:29:56', 1, 0),
(2418, 44, 1024, 1, 1, 1056, NULL, NULL, NULL, NULL, '2015-07-29 06:29:56', 0, 0),
(2419, 44, 1031, 1, 1, 4471, NULL, NULL, NULL, NULL, '2015-07-29 06:29:56', 0, 0),
(2420, 44, 1025, 1, 0, 5736, NULL, NULL, NULL, NULL, '2015-07-29 06:29:56', 1, 0),
(2421, 44, 1022, 1, 2, 4789, NULL, NULL, NULL, NULL, '2015-07-29 06:29:56', 0, 0),
(2422, 44, 1019, 1, 2, 3756, NULL, NULL, NULL, NULL, '2015-07-29 06:29:56', 0, 0),
(2423, 42, 1032, 1, 1, 61209, NULL, NULL, NULL, NULL, '2015-07-29 06:39:53', 1, 0),
(2424, 42, 1033, 1, 1, 58751, NULL, NULL, NULL, NULL, '2015-07-29 06:39:53', 0, 0),
(2425, 42, 1023, 1, 2, 168093, NULL, NULL, NULL, NULL, '2015-07-29 06:39:53', 0, 0),
(2426, 42, 1029, 1, 0, 167486, NULL, NULL, NULL, NULL, '2015-07-29 06:39:53', 0, 0),
(2427, 42, 1030, 1, 0, 230314, NULL, NULL, NULL, NULL, '2015-07-29 06:39:53', 0, 0),
(2428, 42, 1028, 1, 1, 222422, NULL, NULL, NULL, NULL, '2015-07-29 06:39:53', 0, 0),
(2429, 42, 1024, 1, 1, 159155, NULL, NULL, NULL, NULL, '2015-07-29 06:39:53', 0, 0),
(2430, 43, 1032, 1, 0, 42984, NULL, NULL, NULL, NULL, '2015-07-29 06:39:53', 0, 0),
(2431, 43, 1033, 1, 2, 64941, NULL, NULL, NULL, NULL, '2015-07-29 06:39:54', 0, 0),
(2432, 43, 1023, 1, 1, 8492, NULL, NULL, NULL, NULL, '2015-07-29 06:39:54', 0, 0),
(2433, 43, 1029, 1, 2, 50056, NULL, NULL, NULL, NULL, '2015-07-29 06:39:54', 0, 0),
(2434, 43, 1030, 1, 1, 41750, NULL, NULL, NULL, NULL, '2015-07-29 06:39:54', 1, 0),
(2435, 43, 1028, 1, 0, 29505, NULL, NULL, NULL, NULL, '2015-07-29 06:39:54', 1, 0),
(2436, 43, 1024, 1, 0, 11255, NULL, NULL, NULL, NULL, '2015-07-29 06:39:54', 1, 0),
(2437, 44, 1032, 1, 0, 5225, NULL, NULL, NULL, NULL, '2015-07-29 06:39:54', 0, 0),
(2438, 44, 1033, 1, 0, 4223, NULL, NULL, NULL, NULL, '2015-07-29 06:39:54', 0, 0),
(2439, 44, 1023, 1, 2, 7795, NULL, NULL, NULL, NULL, '2015-07-29 06:39:54', 0, 0),
(2440, 44, 1029, 1, 2, 9929, NULL, NULL, NULL, NULL, '2015-07-29 06:39:54', 0, 0),
(2441, 44, 1030, 1, 1, 3019, NULL, NULL, NULL, NULL, '2015-07-29 06:39:54', 1, 0),
(2442, 44, 1028, 1, 0, 8542, NULL, NULL, NULL, NULL, '2015-07-29 06:39:54', 1, 0),
(2443, 44, 1024, 1, 2, 10928, NULL, NULL, NULL, NULL, '2015-07-29 06:39:54', 0, 0),
(2444, 42, 1038, 1, 2, 61108, NULL, NULL, NULL, NULL, '2015-07-29 06:49:53', 0, 0),
(2445, 42, 1034, 1, 2, 78207, NULL, NULL, NULL, NULL, '2015-07-29 06:49:53', 0, 0),
(2446, 42, 1035, 1, 2, 36178, NULL, NULL, NULL, NULL, '2015-07-29 06:49:53', 0, 0),
(2447, 43, 1038, 1, 0, 50342, NULL, NULL, NULL, NULL, '2015-07-29 06:49:53', 0, 0),
(2448, 43, 1034, 1, 0, 42083, NULL, NULL, NULL, NULL, '2015-07-29 06:49:53', 0, 0),
(2449, 43, 1035, 1, 1, 53827, NULL, NULL, NULL, NULL, '2015-07-29 06:49:54', 0, 0),
(2450, 44, 1038, 1, 0, 6697, NULL, NULL, NULL, NULL, '2015-07-29 06:49:54', 0, 0),
(2451, 44, 1034, 1, 2, 10600, NULL, NULL, NULL, NULL, '2015-07-29 06:49:54', 0, 0),
(2452, 44, 1035, 1, 1, 7506, NULL, NULL, NULL, NULL, '2015-07-29 06:49:54', 0, 0),
(2453, 42, 1042, 1, 0, 301151, NULL, NULL, NULL, NULL, '2015-07-29 06:59:54', 0, 0),
(2454, 42, 1043, 1, 2, 191574, NULL, NULL, NULL, NULL, '2015-07-29 06:59:54', 0, 0),
(2455, 42, 1039, 1, 1, 279408, NULL, NULL, NULL, NULL, '2015-07-29 06:59:54', 1, 0),
(2456, 42, 1041, 1, 1, 281503, NULL, NULL, NULL, NULL, '2015-07-29 06:59:54', 0, 0),
(2457, 42, 1038, 1, 1, 172110, NULL, NULL, NULL, NULL, '2015-07-29 06:59:54', 1, 0),
(2458, 43, 1042, 1, 0, 7598, NULL, NULL, NULL, NULL, '2015-07-29 06:59:54', 0, 0),
(2459, 43, 1043, 1, 0, 62124, NULL, NULL, NULL, NULL, '2015-07-29 06:59:55', 0, 0),
(2460, 43, 1039, 1, 2, 15057, NULL, NULL, NULL, NULL, '2015-07-29 06:59:55', 0, 0),
(2461, 43, 1041, 1, 1, 57245, NULL, NULL, NULL, NULL, '2015-07-29 06:59:55', 0, 0),
(2462, 43, 1038, 1, 0, 76364, NULL, NULL, NULL, NULL, '2015-07-29 06:59:55', 0, 0),
(2463, 44, 1042, 1, 0, 3748, NULL, NULL, NULL, NULL, '2015-07-29 06:59:55', 0, 0),
(2464, 44, 1043, 1, 2, 9442, NULL, NULL, NULL, NULL, '2015-07-29 06:59:55', 0, 0),
(2465, 44, 1039, 1, 0, 2580, NULL, NULL, NULL, NULL, '2015-07-29 06:59:55', 0, 0),
(2466, 44, 1041, 1, 0, 15210, NULL, NULL, NULL, NULL, '2015-07-29 06:59:55', 0, 0),
(2467, 44, 1038, 1, 0, 5163, NULL, NULL, NULL, NULL, '2015-07-29 06:59:55', 0, 0),
(2468, 42, 1048, 1, 0, 12470, NULL, NULL, NULL, NULL, '2015-07-29 07:09:54', 0, 0),
(2469, 42, 1045, 1, 0, 147161, NULL, NULL, NULL, NULL, '2015-07-29 07:09:54', 0, 0),
(2470, 42, 1047, 1, 1, 88828, NULL, NULL, NULL, NULL, '2015-07-29 07:09:54', 0, 0),
(2471, 42, 1046, 1, 0, 54346, NULL, NULL, NULL, NULL, '2015-07-29 07:09:54', 1, 0),
(2472, 42, 1044, 1, 1, 333257, NULL, NULL, NULL, NULL, '2015-07-29 07:09:54', 1, 0),
(2473, 42, 1042, 1, 2, 72696, NULL, NULL, NULL, NULL, '2015-07-29 07:09:54', 0, 0),
(2474, 43, 1048, 1, 2, 5785, NULL, NULL, NULL, NULL, '2015-07-29 07:09:54', 0, 0),
(2475, 43, 1045, 1, 1, 61832, NULL, NULL, NULL, NULL, '2015-07-29 07:09:54', 0, 0),
(2476, 43, 1047, 1, 1, 22002, NULL, NULL, NULL, NULL, '2015-07-29 07:09:54', 0, 0),
(2477, 43, 1046, 1, 1, 22168, NULL, NULL, NULL, NULL, '2015-07-29 07:09:54', 0, 0),
(2478, 43, 1044, 1, 2, 105830, NULL, NULL, NULL, NULL, '2015-07-29 07:09:54', 0, 0),
(2479, 43, 1042, 1, 0, 36425, NULL, NULL, NULL, NULL, '2015-07-29 07:09:54', 0, 0),
(2480, 44, 1048, 1, 0, 12110, NULL, NULL, NULL, NULL, '2015-07-29 07:09:54', 0, 0),
(2481, 44, 1045, 1, 1, 11846, NULL, NULL, NULL, NULL, '2015-07-29 07:09:54', 0, 0),
(2482, 44, 1047, 1, 2, 10201, NULL, NULL, NULL, NULL, '2015-07-29 07:09:54', 0, 0),
(2483, 44, 1046, 1, 0, 5522, NULL, NULL, NULL, NULL, '2015-07-29 07:09:54', 1, 0),
(2484, 44, 1044, 1, 2, 8581, NULL, NULL, NULL, NULL, '2015-07-29 07:09:54', 0, 0),
(2485, 44, 1042, 1, 0, 15613, NULL, NULL, NULL, NULL, '2015-07-29 07:09:54', 0, 0),
(2486, 42, 1053, 1, 0, 174801, NULL, NULL, NULL, NULL, '2015-07-29 07:19:54', 0, 0),
(2487, 42, 1052, 1, 2, 496283, NULL, NULL, NULL, NULL, '2015-07-29 07:19:54', 0, 0),
(2488, 42, 1048, 1, 1, 155686, NULL, NULL, NULL, NULL, '2015-07-29 07:19:54', 1, 0),
(2489, 42, 1050, 1, 2, 500959, NULL, NULL, NULL, NULL, '2015-07-29 07:19:54', 0, 0),
(2490, 42, 1045, 1, 0, 494774, NULL, NULL, NULL, NULL, '2015-07-29 07:19:54', 0, 0),
(2491, 43, 1053, 1, 0, 19061, NULL, NULL, NULL, NULL, '2015-07-29 07:19:54', 0, 0),
(2492, 43, 1052, 1, 0, 60804, NULL, NULL, NULL, NULL, '2015-07-29 07:19:54', 0, 0),
(2493, 43, 1048, 1, 2, 55393, NULL, NULL, NULL, NULL, '2015-07-29 07:19:54', 0, 0),
(2494, 43, 1050, 1, 2, 18061, NULL, NULL, NULL, NULL, '2015-07-29 07:19:54', 0, 0),
(2495, 43, 1045, 1, 1, 82634, NULL, NULL, NULL, NULL, '2015-07-29 07:19:54', 0, 0),
(2496, 44, 1053, 1, 1, 3576, NULL, NULL, NULL, NULL, '2015-07-29 07:19:54', 0, 0),
(2497, 44, 1052, 1, 1, 14318, NULL, NULL, NULL, NULL, '2015-07-29 07:19:54', 0, 0),
(2498, 44, 1048, 1, 1, 9351, NULL, NULL, NULL, NULL, '2015-07-29 07:19:55', 1, 0),
(2499, 44, 1050, 1, 1, 11167, NULL, NULL, NULL, NULL, '2015-07-29 07:19:55', 0, 0),
(2500, 44, 1045, 1, 0, 15946, NULL, NULL, NULL, NULL, '2015-07-29 07:19:55', 0, 0),
(2501, 42, 1053, 1, 2, 522495, NULL, NULL, NULL, NULL, '2015-07-29 07:29:54', 0, 0),
(2502, 42, 1054, 1, 1, 497453, NULL, NULL, NULL, NULL, '2015-07-29 07:29:54', 1, 0),
(2503, 42, 1052, 1, 2, 312345, NULL, NULL, NULL, NULL, '2015-07-29 07:29:54', 0, 0),
(2504, 42, 1048, 1, 2, 158943, NULL, NULL, NULL, NULL, '2015-07-29 07:29:54', 0, 0),
(2505, 43, 1053, 1, 2, 57629, NULL, NULL, NULL, NULL, '2015-07-29 07:29:54', 0, 0),
(2506, 43, 1054, 1, 1, 69224, NULL, NULL, NULL, NULL, '2015-07-29 07:29:54', 1, 0),
(2507, 43, 1052, 1, 1, 30294, NULL, NULL, NULL, NULL, '2015-07-29 07:29:54', 0, 0),
(2508, 43, 1048, 1, 2, 30346, NULL, NULL, NULL, NULL, '2015-07-29 07:29:54', 0, 0),
(2509, 44, 1053, 1, 2, 6535, NULL, NULL, NULL, NULL, '2015-07-29 07:29:54', 0, 0),
(2510, 44, 1054, 1, 0, 995, NULL, NULL, NULL, NULL, '2015-07-29 07:29:54', 0, 0),
(2511, 44, 1052, 1, 1, 12580, NULL, NULL, NULL, NULL, '2015-07-29 07:29:54', 0, 0),
(2512, 44, 1048, 1, 2, 17420, NULL, NULL, NULL, NULL, '2015-07-29 07:29:54', 0, 0),
(2513, 42, 1059, 1, 1, 471359, NULL, NULL, NULL, NULL, '2015-07-29 07:39:54', 0, 0),
(2514, 42, 1061, 1, 0, 328072, NULL, NULL, NULL, NULL, '2015-07-29 07:39:54', 0, 0),
(2515, 42, 1062, 1, 2, 382000, NULL, NULL, NULL, NULL, '2015-07-29 07:39:54', 0, 0),
(2516, 42, 1053, 1, 0, 407243, NULL, NULL, NULL, NULL, '2015-07-29 07:39:54', 0, 0),
(2517, 43, 1059, 1, 2, 18004, NULL, NULL, NULL, NULL, '2015-07-29 07:39:54', 0, 0),
(2518, 43, 1061, 1, 1, 60242, NULL, NULL, NULL, NULL, '2015-07-29 07:39:54', 0, 0),
(2519, 43, 1062, 1, 2, 112698, NULL, NULL, NULL, NULL, '2015-07-29 07:39:54', 0, 0),
(2520, 43, 1053, 1, 1, 49335, NULL, NULL, NULL, NULL, '2015-07-29 07:39:54', 0, 0),
(2521, 44, 1059, 1, 1, 9117, NULL, NULL, NULL, NULL, '2015-07-29 07:39:54', 0, 0),
(2522, 44, 1061, 1, 1, 13762, NULL, NULL, NULL, NULL, '2015-07-29 07:39:54', 0, 0),
(2523, 44, 1062, 1, 1, 4473, NULL, NULL, NULL, NULL, '2015-07-29 07:39:54', 1, 0),
(2524, 44, 1053, 1, 2, 6411, NULL, NULL, NULL, NULL, '2015-07-29 07:39:54', 0, 0),
(2525, 42, 1064, 1, 2, 56452, NULL, NULL, NULL, NULL, '2015-07-29 07:49:54', 0, 0),
(2526, 42, 1065, 1, 0, 284291, NULL, NULL, NULL, NULL, '2015-07-29 07:49:54', 1, 0),
(2527, 42, 1063, 1, 2, 59346, NULL, NULL, NULL, NULL, '2015-07-29 07:49:54', 0, 0),
(2528, 42, 1067, 1, 0, 177965, NULL, NULL, NULL, NULL, '2015-07-29 07:49:54', 0, 0),
(2529, 42, 1066, 1, 1, 155185, NULL, NULL, NULL, NULL, '2015-07-29 07:49:54', 0, 0),
(2530, 42, 1059, 1, 0, 100778, NULL, NULL, NULL, NULL, '2015-07-29 07:49:54', 0, 0),
(2531, 43, 1064, 1, 0, 128993, NULL, NULL, NULL, NULL, '2015-07-29 07:49:54', 0, 0),
(2532, 43, 1065, 1, 1, 99422, NULL, NULL, NULL, NULL, '2015-07-29 07:49:54', 0, 0),
(2533, 43, 1063, 1, 2, 115456, NULL, NULL, NULL, NULL, '2015-07-29 07:49:54', 0, 0),
(2534, 43, 1067, 1, 2, 19294, NULL, NULL, NULL, NULL, '2015-07-29 07:49:54', 0, 0),
(2535, 43, 1066, 1, 1, 79488, NULL, NULL, NULL, NULL, '2015-07-29 07:49:54', 0, 0),
(2536, 43, 1059, 1, 0, 86663, NULL, NULL, NULL, NULL, '2015-07-29 07:49:54', 0, 0),
(2537, 44, 1064, 1, 0, 13211, NULL, NULL, NULL, NULL, '2015-07-29 07:49:54', 0, 0),
(2538, 44, 1065, 1, 2, 6415, NULL, NULL, NULL, NULL, '2015-07-29 07:49:54', 0, 0),
(2539, 44, 1063, 1, 0, 23741, NULL, NULL, NULL, NULL, '2015-07-29 07:49:54', 0, 0),
(2540, 44, 1067, 1, 2, 8675, NULL, NULL, NULL, NULL, '2015-07-29 07:49:55', 0, 0),
(2541, 44, 1066, 1, 1, 11359, NULL, NULL, NULL, NULL, '2015-07-29 07:49:55', 0, 0),
(2542, 44, 1059, 1, 2, 6870, NULL, NULL, NULL, NULL, '2015-07-29 07:49:55', 0, 0),
(2543, 42, 1070, 1, 1, 208318, NULL, NULL, NULL, NULL, '2015-07-29 07:59:54', 0, 0),
(2544, 42, 1071, 1, 1, 361628, NULL, NULL, NULL, NULL, '2015-07-29 07:59:54', 0, 0),
(2545, 42, 1068, 1, 2, 619665, NULL, NULL, NULL, NULL, '2015-07-29 07:59:54', 0, 0),
(2546, 42, 1064, 1, 0, 520086, NULL, NULL, NULL, NULL, '2015-07-29 07:59:54', 0, 0),
(2547, 42, 1065, 1, 2, 553626, NULL, NULL, NULL, NULL, '2015-07-29 07:59:54', 0, 0),
(2548, 42, 1069, 1, 2, 281022, NULL, NULL, NULL, NULL, '2015-07-29 07:59:54', 0, 0),
(2549, 43, 1070, 1, 0, 87420, NULL, NULL, NULL, NULL, '2015-07-29 07:59:54', 1, 0),
(2550, 43, 1071, 1, 2, 24376, NULL, NULL, NULL, NULL, '2015-07-29 07:59:54', 0, 0),
(2551, 43, 1068, 1, 0, 57238, NULL, NULL, NULL, NULL, '2015-07-29 07:59:54', 0, 0),
(2552, 43, 1064, 1, 0, 78017, NULL, NULL, NULL, NULL, '2015-07-29 07:59:54', 0, 0);
INSERT INTO `Bet` (`id`, `user_id`, `match_id`, `type`, `team`, `points_simple`, `points_goals`, `points_yellowcards`, `points_redcards`, `points_defenses`, `created_at`, `result`, `obsolete`) VALUES
(2553, 43, 1065, 1, 1, 31260, NULL, NULL, NULL, NULL, '2015-07-29 07:59:54', 0, 0),
(2554, 43, 1069, 1, 1, 102524, NULL, NULL, NULL, NULL, '2015-07-29 07:59:54', 0, 0),
(2555, 44, 1070, 1, 0, 9535, NULL, NULL, NULL, NULL, '2015-07-29 07:59:54', 1, 0),
(2556, 44, 1071, 1, 1, 344, NULL, NULL, NULL, NULL, '2015-07-29 07:59:54', 0, 0),
(2557, 44, 1068, 1, 0, 19024, NULL, NULL, NULL, NULL, '2015-07-29 07:59:54', 0, 0),
(2558, 44, 1064, 1, 2, 2368, NULL, NULL, NULL, NULL, '2015-07-29 07:59:54', 0, 0),
(2559, 44, 1065, 1, 0, 7680, NULL, NULL, NULL, NULL, '2015-07-29 07:59:55', 1, 0),
(2560, 44, 1069, 1, 0, 10393, NULL, NULL, NULL, NULL, '2015-07-29 07:59:55', 0, 0),
(2561, 42, 1078, 1, 2, 396644, NULL, NULL, NULL, NULL, '2015-07-29 08:09:55', 0, 0),
(2562, 42, 1074, 1, 2, 158617, NULL, NULL, NULL, NULL, '2015-07-29 08:09:55', 0, 0),
(2563, 42, 1075, 1, 1, 423722, NULL, NULL, NULL, NULL, '2015-07-29 08:09:55', 0, 0),
(2564, 42, 1077, 1, 0, 446128, NULL, NULL, NULL, NULL, '2015-07-29 08:09:55', 0, 0),
(2565, 42, 1070, 1, 1, 462698, NULL, NULL, NULL, NULL, '2015-07-29 08:09:55', 0, 0),
(2566, 42, 1073, 1, 1, 391241, NULL, NULL, NULL, NULL, '2015-07-29 08:09:55', 0, 0),
(2567, 43, 1078, 1, 2, 93258, NULL, NULL, NULL, NULL, '2015-07-29 08:09:55', 0, 0),
(2568, 43, 1074, 1, 2, 74791, NULL, NULL, NULL, NULL, '2015-07-29 08:09:55', 0, 0),
(2569, 43, 1075, 1, 1, 102369, NULL, NULL, NULL, NULL, '2015-07-29 08:09:55', 0, 0),
(2570, 43, 1077, 1, 2, 29430, NULL, NULL, NULL, NULL, '2015-07-29 08:09:55', 0, 0),
(2571, 43, 1070, 1, 2, 17703, NULL, NULL, NULL, NULL, '2015-07-29 08:09:55', 0, 0),
(2572, 43, 1073, 1, 2, 97494, NULL, NULL, NULL, NULL, '2015-07-29 08:09:55', 0, 0),
(2573, 44, 1078, 1, 2, 1810, NULL, NULL, NULL, NULL, '2015-07-29 08:09:55', 0, 0),
(2574, 44, 1074, 1, 1, 3819, NULL, NULL, NULL, NULL, '2015-07-29 08:09:55', 0, 0),
(2575, 44, 1075, 1, 0, 21888, NULL, NULL, NULL, NULL, '2015-07-29 08:09:55', 0, 0),
(2576, 44, 1077, 1, 0, 12939, NULL, NULL, NULL, NULL, '2015-07-29 08:09:55', 0, 0),
(2577, 44, 1070, 1, 1, 23303, NULL, NULL, NULL, NULL, '2015-07-29 08:09:55', 0, 0),
(2578, 44, 1073, 1, 2, 8792, NULL, NULL, NULL, NULL, '2015-07-29 08:09:55', 0, 0),
(2579, 42, 1079, 1, 0, 274321, NULL, NULL, NULL, NULL, '2015-07-29 08:19:55', 0, 0),
(2580, 42, 1080, 1, 2, 171193, NULL, NULL, NULL, NULL, '2015-07-29 08:19:55', 0, 0),
(2581, 42, 1082, 1, 2, 133400, NULL, NULL, NULL, NULL, '2015-07-29 08:19:55', 0, 0),
(2582, 43, 1079, 1, 2, 31470, NULL, NULL, NULL, NULL, '2015-07-29 08:19:55', 0, 0),
(2583, 43, 1080, 1, 2, 54327, NULL, NULL, NULL, NULL, '2015-07-29 08:19:55', 0, 0),
(2584, 43, 1082, 1, 0, 109722, NULL, NULL, NULL, NULL, '2015-07-29 08:19:55', 0, 0),
(2585, 44, 1079, 1, 1, 7052, NULL, NULL, NULL, NULL, '2015-07-29 08:19:55', 1, 0),
(2586, 44, 1080, 1, 2, 20443, NULL, NULL, NULL, NULL, '2015-07-29 08:19:55', 0, 0),
(2587, 44, 1082, 1, 1, 20859, NULL, NULL, NULL, NULL, '2015-07-29 08:19:55', 0, 0),
(2588, 42, 1084, 1, 1, 675539, NULL, NULL, NULL, NULL, '2015-07-29 08:29:54', 0, 0),
(2589, 42, 1087, 1, 0, 167250, NULL, NULL, NULL, NULL, '2015-07-29 08:29:54', 0, 0),
(2590, 42, 1086, 1, 2, 77253, NULL, NULL, NULL, NULL, '2015-07-29 08:29:55', 0, 0),
(2591, 42, 1083, 1, 2, 121224, NULL, NULL, NULL, NULL, '2015-07-29 08:29:55', 0, 0),
(2592, 42, 1079, 1, 2, 331585, NULL, NULL, NULL, NULL, '2015-07-29 08:29:55', 0, 0),
(2593, 43, 1084, 1, 2, 124252, NULL, NULL, NULL, NULL, '2015-07-29 08:29:55', 0, 0),
(2594, 43, 1087, 1, 2, 92443, NULL, NULL, NULL, NULL, '2015-07-29 08:29:55', 0, 0),
(2595, 43, 1086, 1, 0, 177893, NULL, NULL, NULL, NULL, '2015-07-29 08:29:55', 0, 0),
(2596, 43, 1083, 1, 0, 126210, NULL, NULL, NULL, NULL, '2015-07-29 08:29:55', 0, 0),
(2597, 43, 1079, 1, 2, 145493, NULL, NULL, NULL, NULL, '2015-07-29 08:29:55', 0, 0),
(2598, 44, 1084, 1, 2, 17467, NULL, NULL, NULL, NULL, '2015-07-29 08:29:55', 0, 0),
(2599, 44, 1087, 1, 1, 13076, NULL, NULL, NULL, NULL, '2015-07-29 08:29:55', 0, 0),
(2600, 44, 1086, 1, 1, 1353, NULL, NULL, NULL, NULL, '2015-07-29 08:29:55', 1, 0),
(2601, 44, 1083, 1, 2, 1408, NULL, NULL, NULL, NULL, '2015-07-29 08:29:55', 0, 0),
(2602, 44, 1079, 1, 1, 12217, NULL, NULL, NULL, NULL, '2015-07-29 08:29:55', 1, 0),
(2603, 42, 1093, 1, 1, 189598, NULL, NULL, NULL, NULL, '2015-07-29 08:39:55', 1, 0),
(2604, 42, 1089, 1, 2, 695870, NULL, NULL, NULL, NULL, '2015-07-29 08:39:55', 0, 0),
(2605, 42, 1091, 1, 0, 292233, NULL, NULL, NULL, NULL, '2015-07-29 08:39:55', 0, 0),
(2606, 42, 1090, 1, 1, 637482, NULL, NULL, NULL, NULL, '2015-07-29 08:39:55', 0, 0),
(2607, 42, 1092, 1, 1, 53676, NULL, NULL, NULL, NULL, '2015-07-29 08:39:55', 0, 0),
(2608, 43, 1093, 1, 1, 20466, NULL, NULL, NULL, NULL, '2015-07-29 08:39:55', 1, 0),
(2609, 43, 1089, 1, 2, 64230, NULL, NULL, NULL, NULL, '2015-07-29 08:39:55', 0, 0),
(2610, 43, 1091, 1, 0, 88647, NULL, NULL, NULL, NULL, '2015-07-29 08:39:55', 0, 0),
(2611, 43, 1090, 1, 2, 53171, NULL, NULL, NULL, NULL, '2015-07-29 08:39:55', 0, 0),
(2612, 43, 1092, 1, 2, 9755, NULL, NULL, NULL, NULL, '2015-07-29 08:39:55', 0, 0),
(2613, 44, 1093, 1, 1, 28021, NULL, NULL, NULL, NULL, '2015-07-29 08:39:55', 1, 0),
(2614, 44, 1089, 1, 2, 17200, NULL, NULL, NULL, NULL, '2015-07-29 08:39:55', 0, 0),
(2615, 44, 1091, 1, 1, 8703, NULL, NULL, NULL, NULL, '2015-07-29 08:39:55', 0, 0),
(2616, 44, 1090, 1, 1, 16439, NULL, NULL, NULL, NULL, '2015-07-29 08:39:55', 0, 0),
(2617, 44, 1092, 1, 2, 28438, NULL, NULL, NULL, NULL, '2015-07-29 08:39:55', 0, 0),
(2618, 42, 1093, 1, 1, 717009, NULL, NULL, NULL, NULL, '2015-07-29 08:49:54', 1, 0),
(2619, 42, 1095, 1, 0, 111441, NULL, NULL, NULL, NULL, '2015-07-29 08:49:54', 0, 0),
(2620, 42, 1094, 1, 1, 358455, NULL, NULL, NULL, NULL, '2015-07-29 08:49:54', 0, 0),
(2621, 43, 1093, 1, 1, 91525, NULL, NULL, NULL, NULL, '2015-07-29 08:49:54', 1, 0),
(2622, 43, 1095, 1, 1, 133342, NULL, NULL, NULL, NULL, '2015-07-29 08:49:54', 0, 0),
(2623, 43, 1094, 1, 1, 96274, NULL, NULL, NULL, NULL, '2015-07-29 08:49:54', 0, 0),
(2624, 44, 1093, 1, 2, 11839, NULL, NULL, NULL, NULL, '2015-07-29 08:49:55', 0, 0),
(2625, 44, 1095, 1, 2, 16079, NULL, NULL, NULL, NULL, '2015-07-29 08:49:55', 0, 0),
(2626, 44, 1094, 1, 1, 9076, NULL, NULL, NULL, NULL, '2015-07-29 08:49:55', 0, 0),
(2627, 42, 1102, 1, 0, 398348, NULL, NULL, NULL, NULL, '2015-07-29 08:59:54', 0, 0),
(2628, 42, 1100, 1, 0, 150945, NULL, NULL, NULL, NULL, '2015-07-29 08:59:54', 0, 0),
(2629, 42, 1103, 1, 0, 83721, NULL, NULL, NULL, NULL, '2015-07-29 08:59:54', 0, 0),
(2630, 42, 1098, 1, 1, 31429, NULL, NULL, NULL, NULL, '2015-07-29 08:59:54', 0, 0),
(2631, 42, 1093, 1, 2, 241193, NULL, NULL, NULL, NULL, '2015-07-29 08:59:54', 0, 0),
(2632, 42, 1095, 1, 1, 354254, NULL, NULL, NULL, NULL, '2015-07-29 08:59:54', 0, 0),
(2633, 43, 1102, 1, 0, 76960, NULL, NULL, NULL, NULL, '2015-07-29 08:59:54', 0, 0),
(2634, 43, 1100, 1, 0, 62813, NULL, NULL, NULL, NULL, '2015-07-29 08:59:55', 0, 0),
(2635, 43, 1103, 1, 2, 89700, NULL, NULL, NULL, NULL, '2015-07-29 08:59:55', 0, 0),
(2636, 43, 1098, 1, 2, 2529, NULL, NULL, NULL, NULL, '2015-07-29 08:59:55', 0, 0),
(2637, 43, 1093, 1, 0, 61564, NULL, NULL, NULL, NULL, '2015-07-29 08:59:55', 0, 0),
(2638, 43, 1095, 1, 2, 52452, NULL, NULL, NULL, NULL, '2015-07-29 08:59:55', 0, 0),
(2639, 44, 1102, 1, 2, 632, NULL, NULL, NULL, NULL, '2015-07-29 08:59:55', 0, 0),
(2640, 44, 1100, 1, 1, 31155, NULL, NULL, NULL, NULL, '2015-07-29 08:59:55', 0, 0),
(2641, 44, 1103, 1, 1, 13873, NULL, NULL, NULL, NULL, '2015-07-29 08:59:55', 1, 0),
(2642, 44, 1098, 1, 0, 31644, NULL, NULL, NULL, NULL, '2015-07-29 08:59:55', 0, 0),
(2643, 44, 1093, 1, 2, 6637, NULL, NULL, NULL, NULL, '2015-07-29 08:59:55', 0, 0),
(2644, 44, 1095, 1, 2, 19535, NULL, NULL, NULL, NULL, '2015-07-29 08:59:55', 0, 0),
(2645, 42, 1104, 1, 1, 308198, NULL, NULL, NULL, NULL, '2015-07-29 09:09:55', 1, 0),
(2646, 42, 1107, 1, 1, 645228, NULL, NULL, NULL, NULL, '2015-07-29 09:09:55', 1, 0),
(2647, 42, 1105, 1, 0, 712086, NULL, NULL, NULL, NULL, '2015-07-29 09:09:55', 0, 0),
(2648, 42, 1108, 1, 0, 39813, NULL, NULL, NULL, NULL, '2015-07-29 09:09:55', 0, 0),
(2649, 42, 1106, 1, 1, 399994, NULL, NULL, NULL, NULL, '2015-07-29 09:09:55', 0, 0),
(2650, 42, 1102, 1, 2, 440394, NULL, NULL, NULL, NULL, '2015-07-29 09:09:55', 0, 0),
(2651, 42, 1100, 1, 0, 705400, NULL, NULL, NULL, NULL, '2015-07-29 09:09:55', 0, 0),
(2652, 42, 1103, 1, 1, 152595, NULL, NULL, NULL, NULL, '2015-07-29 09:09:55', 1, 0),
(2653, 43, 1104, 1, 2, 63231, NULL, NULL, NULL, NULL, '2015-07-29 09:09:55', 0, 0),
(2654, 43, 1107, 1, 1, 124300, NULL, NULL, NULL, NULL, '2015-07-29 09:09:55', 1, 0),
(2655, 43, 1105, 1, 0, 119875, NULL, NULL, NULL, NULL, '2015-07-29 09:09:55', 0, 0),
(2656, 43, 1108, 1, 0, 96704, NULL, NULL, NULL, NULL, '2015-07-29 09:09:55', 0, 0),
(2657, 43, 1106, 1, 0, 118956, NULL, NULL, NULL, NULL, '2015-07-29 09:09:55', 1, 0),
(2658, 43, 1102, 1, 2, 135250, NULL, NULL, NULL, NULL, '2015-07-29 09:09:55', 0, 0),
(2659, 43, 1100, 1, 2, 81876, NULL, NULL, NULL, NULL, '2015-07-29 09:09:55', 0, 0),
(2660, 43, 1103, 1, 1, 123157, NULL, NULL, NULL, NULL, '2015-07-29 09:09:56', 1, 0),
(2661, 44, 1104, 1, 0, 442, NULL, NULL, NULL, NULL, '2015-07-29 09:09:56', 0, 0),
(2662, 44, 1107, 1, 1, 11818, NULL, NULL, NULL, NULL, '2015-07-29 09:09:56', 1, 0),
(2663, 44, 1105, 1, 1, 12829, NULL, NULL, NULL, NULL, '2015-07-29 09:09:56', 1, 0),
(2664, 44, 1108, 1, 1, 18684, NULL, NULL, NULL, NULL, '2015-07-29 09:09:56', 0, 0),
(2665, 44, 1106, 1, 1, 13908, NULL, NULL, NULL, NULL, '2015-07-29 09:09:56', 0, 0),
(2666, 44, 1102, 1, 0, 9789, NULL, NULL, NULL, NULL, '2015-07-29 09:09:56', 0, 0),
(2667, 44, 1100, 1, 2, 23531, NULL, NULL, NULL, NULL, '2015-07-29 09:09:56', 0, 0),
(2668, 44, 1103, 1, 0, 12919, NULL, NULL, NULL, NULL, '2015-07-29 09:09:56', 0, 0),
(2669, 42, 1109, 1, 1, 703695, NULL, NULL, NULL, NULL, '2015-07-29 09:19:55', 1, 0),
(2670, 42, 1110, 1, 1, 563361, NULL, NULL, NULL, NULL, '2015-07-29 09:19:55', 0, 0),
(2671, 42, 1111, 1, 1, 26435, NULL, NULL, NULL, NULL, '2015-07-29 09:19:55', 1, 0),
(2672, 42, 1112, 1, 2, 516065, NULL, NULL, NULL, NULL, '2015-07-29 09:19:55', 0, 0),
(2673, 42, 1104, 1, 2, 69534, NULL, NULL, NULL, NULL, '2015-07-29 09:19:55', 0, 0),
(2674, 43, 1109, 1, 0, 61700, NULL, NULL, NULL, NULL, '2015-07-29 09:19:56', 0, 0),
(2675, 43, 1110, 1, 1, 80091, NULL, NULL, NULL, NULL, '2015-07-29 09:19:56', 0, 0),
(2676, 43, 1111, 1, 0, 46466, NULL, NULL, NULL, NULL, '2015-07-29 09:19:56', 0, 0),
(2677, 43, 1112, 1, 1, 66178, NULL, NULL, NULL, NULL, '2015-07-29 09:19:56', 0, 0),
(2678, 43, 1104, 1, 0, 16045, NULL, NULL, NULL, NULL, '2015-07-29 09:19:56', 0, 0),
(2679, 44, 1109, 1, 2, 6276, NULL, NULL, NULL, NULL, '2015-07-29 09:19:56', 0, 0),
(2680, 44, 1110, 1, 0, 27630, NULL, NULL, NULL, NULL, '2015-07-29 09:19:56', 1, 0),
(2681, 44, 1111, 1, 0, 11027, NULL, NULL, NULL, NULL, '2015-07-29 09:19:56', 0, 0),
(2682, 44, 1112, 1, 0, 21112, NULL, NULL, NULL, NULL, '2015-07-29 09:19:56', 1, 0),
(2683, 44, 1104, 1, 0, 26882, NULL, NULL, NULL, NULL, '2015-07-29 09:19:56', 0, 0),
(2684, 42, 1118, 1, 1, 725761, NULL, NULL, NULL, NULL, '2015-07-29 09:29:57', 1, 0),
(2685, 42, 1117, 1, 1, 213290, NULL, NULL, NULL, NULL, '2015-07-29 09:29:58', 1, 0),
(2686, 42, 1115, 1, 1, 100272, NULL, NULL, NULL, NULL, '2015-07-29 09:29:58', 0, 0),
(2687, 42, 1114, 1, 0, 336635, NULL, NULL, NULL, NULL, '2015-07-29 09:29:58', 0, 0),
(2688, 42, 1109, 1, 1, 884442, NULL, NULL, NULL, NULL, '2015-07-29 09:29:58', 1, 0),
(2689, 42, 1110, 1, 2, 819729, NULL, NULL, NULL, NULL, '2015-07-29 09:29:58', 0, 0),
(2690, 42, 1111, 1, 0, 195144, NULL, NULL, NULL, NULL, '2015-07-29 09:29:58', 0, 0),
(2691, 43, 1118, 1, 2, 68608, NULL, NULL, NULL, NULL, '2015-07-29 09:29:58', 0, 0),
(2692, 43, 1117, 1, 2, 50494, NULL, NULL, NULL, NULL, '2015-07-29 09:29:58', 0, 0),
(2693, 43, 1115, 1, 0, 142407, NULL, NULL, NULL, NULL, '2015-07-29 09:29:58', 1, 0),
(2694, 43, 1114, 1, 0, 101399, NULL, NULL, NULL, NULL, '2015-07-29 09:29:58', 0, 0),
(2695, 43, 1109, 1, 1, 66343, NULL, NULL, NULL, NULL, '2015-07-29 09:29:58', 1, 0),
(2696, 43, 1110, 1, 0, 30734, NULL, NULL, NULL, NULL, '2015-07-29 09:29:58', 1, 0),
(2697, 43, 1111, 1, 2, 68969, NULL, NULL, NULL, NULL, '2015-07-29 09:29:58', 0, 0),
(2698, 44, 1118, 1, 2, 35578, NULL, NULL, NULL, NULL, '2015-07-29 09:29:58', 0, 0),
(2699, 44, 1117, 1, 0, 808, NULL, NULL, NULL, NULL, '2015-07-29 09:29:58', 0, 0),
(2700, 44, 1115, 1, 2, 5145, NULL, NULL, NULL, NULL, '2015-07-29 09:29:58', 0, 0),
(2701, 44, 1114, 1, 1, 17616, NULL, NULL, NULL, NULL, '2015-07-29 09:29:58', 0, 0),
(2702, 44, 1109, 1, 0, 23336, NULL, NULL, NULL, NULL, '2015-07-29 09:29:58', 0, 0),
(2703, 44, 1110, 1, 0, 37734, NULL, NULL, NULL, NULL, '2015-07-29 09:29:58', 1, 0),
(2704, 44, 1111, 1, 0, 33975, NULL, NULL, NULL, NULL, '2015-07-29 09:29:59', 0, 0),
(2705, 42, 1120, 1, 0, 361302, NULL, NULL, NULL, NULL, '2015-07-29 09:39:55', 0, 0),
(2706, 42, 1118, 1, 0, 213359, NULL, NULL, NULL, NULL, '2015-07-29 09:39:55', 0, 0),
(2707, 42, 1123, 1, 0, 256780, NULL, NULL, NULL, NULL, '2015-07-29 09:39:55', 0, 0),
(2708, 42, 1121, 1, 1, 817329, NULL, NULL, NULL, NULL, '2015-07-29 09:39:55', 0, 0),
(2709, 42, 1117, 1, 2, 195138, NULL, NULL, NULL, NULL, '2015-07-29 09:39:55', 0, 0),
(2710, 42, 1122, 1, 2, 644265, NULL, NULL, NULL, NULL, '2015-07-29 09:39:55', 0, 0),
(2711, 42, 1115, 1, 2, 77112, NULL, NULL, NULL, NULL, '2015-07-29 09:39:55', 0, 0),
(2712, 43, 1120, 1, 0, 36794, NULL, NULL, NULL, NULL, '2015-07-29 09:39:55', 0, 0),
(2713, 43, 1118, 1, 2, 207519, NULL, NULL, NULL, NULL, '2015-07-29 09:39:55', 0, 0),
(2714, 43, 1123, 1, 2, 95130, NULL, NULL, NULL, NULL, '2015-07-29 09:39:55', 0, 0),
(2715, 43, 1121, 1, 2, 24463, NULL, NULL, NULL, NULL, '2015-07-29 09:39:55', 0, 0),
(2716, 43, 1117, 1, 0, 220686, NULL, NULL, NULL, NULL, '2015-07-29 09:39:55', 0, 0),
(2717, 43, 1122, 1, 0, 241279, NULL, NULL, NULL, NULL, '2015-07-29 09:39:55', 0, 0),
(2718, 43, 1115, 1, 1, 103021, NULL, NULL, NULL, NULL, '2015-07-29 09:39:55', 0, 0),
(2719, 44, 1120, 1, 0, 2330, NULL, NULL, NULL, NULL, '2015-07-29 09:39:55', 0, 0),
(2720, 44, 1118, 1, 2, 12594, NULL, NULL, NULL, NULL, '2015-07-29 09:39:55', 0, 0),
(2721, 44, 1123, 1, 0, 15232, NULL, NULL, NULL, NULL, '2015-07-29 09:39:55', 0, 0),
(2722, 44, 1121, 1, 1, 30939, NULL, NULL, NULL, NULL, '2015-07-29 09:39:55', 0, 0),
(2723, 44, 1117, 1, 2, 21354, NULL, NULL, NULL, NULL, '2015-07-29 09:39:55', 0, 0),
(2724, 44, 1122, 1, 1, 40627, NULL, NULL, NULL, NULL, '2015-07-29 09:39:55', 1, 0),
(2725, 44, 1115, 1, 0, 28323, NULL, NULL, NULL, NULL, '2015-07-29 09:39:55', 1, 0),
(2726, 42, 1128, 1, 0, 322664, NULL, NULL, NULL, NULL, '2015-07-29 09:49:55', 0, 0),
(2727, 42, 1127, 1, 0, 1296826, NULL, NULL, NULL, NULL, '2015-07-29 09:49:55', 0, 0),
(2728, 42, 1126, 1, 0, 958297, NULL, NULL, NULL, NULL, '2015-07-29 09:49:55', 1, 0),
(2729, 42, 1125, 1, 2, 243426, NULL, NULL, NULL, NULL, '2015-07-29 09:49:55', 0, 0),
(2730, 42, 1124, 1, 0, 334072, NULL, NULL, NULL, NULL, '2015-07-29 09:49:55', 1, 0),
(2731, 42, 1120, 1, 0, 142465, NULL, NULL, NULL, NULL, '2015-07-29 09:49:55', 0, 0),
(2732, 42, 1118, 1, 2, 767769, NULL, NULL, NULL, NULL, '2015-07-29 09:49:55', 0, 0),
(2733, 42, 1123, 1, 0, 1140275, NULL, NULL, NULL, NULL, '2015-07-29 09:49:55', 0, 0),
(2734, 43, 1128, 1, 2, 70018, NULL, NULL, NULL, NULL, '2015-07-29 09:49:55', 0, 0),
(2735, 43, 1127, 1, 2, 163979, NULL, NULL, NULL, NULL, '2015-07-29 09:49:55', 0, 0),
(2736, 43, 1126, 1, 2, 186623, NULL, NULL, NULL, NULL, '2015-07-29 09:49:55', 0, 0),
(2737, 43, 1125, 1, 2, 35484, NULL, NULL, NULL, NULL, '2015-07-29 09:49:55', 0, 0),
(2738, 43, 1124, 1, 0, 149499, NULL, NULL, NULL, NULL, '2015-07-29 09:49:55', 1, 0),
(2739, 43, 1120, 1, 0, 184356, NULL, NULL, NULL, NULL, '2015-07-29 09:49:55', 0, 0),
(2740, 43, 1118, 1, 2, 133787, NULL, NULL, NULL, NULL, '2015-07-29 09:49:55', 0, 0),
(2741, 43, 1123, 1, 1, 205995, NULL, NULL, NULL, NULL, '2015-07-29 09:49:55', 0, 0),
(2742, 44, 1128, 1, 0, 55859, NULL, NULL, NULL, NULL, '2015-07-29 09:49:55', 0, 0),
(2743, 44, 1127, 1, 1, 46104, NULL, NULL, NULL, NULL, '2015-07-29 09:49:55', 1, 0),
(2744, 44, 1126, 1, 0, 63106, NULL, NULL, NULL, NULL, '2015-07-29 09:49:55', 1, 0),
(2745, 44, 1125, 1, 0, 6015, NULL, NULL, NULL, NULL, '2015-07-29 09:49:55', 0, 0),
(2746, 44, 1124, 1, 1, 55949, NULL, NULL, NULL, NULL, '2015-07-29 09:49:56', 0, 0),
(2747, 44, 1120, 1, 1, 39439, NULL, NULL, NULL, NULL, '2015-07-29 09:49:56', 0, 0),
(2748, 44, 1118, 1, 1, 3416, NULL, NULL, NULL, NULL, '2015-07-29 09:49:56', 1, 0),
(2749, 44, 1123, 1, 0, 14970, NULL, NULL, NULL, NULL, '2015-07-29 09:49:56', 0, 0),
(2750, 42, 1128, 1, 2, 826872, NULL, NULL, NULL, NULL, '2015-07-29 09:59:55', 0, 0),
(2751, 42, 1132, 1, 2, 393003, NULL, NULL, NULL, NULL, '2015-07-29 09:59:55', 0, 0),
(2752, 42, 1131, 1, 1, 468552, NULL, NULL, NULL, NULL, '2015-07-29 09:59:55', 0, 0),
(2753, 42, 1130, 1, 1, 83709, NULL, NULL, NULL, NULL, '2015-07-29 09:59:55', 0, 0),
(2754, 42, 1127, 1, 2, 958095, NULL, NULL, NULL, NULL, '2015-07-29 09:59:55', 0, 0),
(2755, 43, 1128, 1, 0, 83802, NULL, NULL, NULL, NULL, '2015-07-29 09:59:55', 0, 0),
(2756, 43, 1132, 1, 0, 100304, NULL, NULL, NULL, NULL, '2015-07-29 09:59:55', 0, 0),
(2757, 43, 1131, 1, 2, 23804, NULL, NULL, NULL, NULL, '2015-07-29 09:59:55', 0, 0),
(2758, 43, 1130, 1, 0, 113532, NULL, NULL, NULL, NULL, '2015-07-29 09:59:56', 0, 0),
(2759, 43, 1127, 1, 1, 121584, NULL, NULL, NULL, NULL, '2015-07-29 09:59:56', 1, 0),
(2760, 44, 1128, 1, 0, 55599, NULL, NULL, NULL, NULL, '2015-07-29 09:59:56', 0, 0),
(2761, 44, 1132, 1, 1, 12307, NULL, NULL, NULL, NULL, '2015-07-29 09:59:56', 0, 0),
(2762, 44, 1131, 1, 1, 1803, NULL, NULL, NULL, NULL, '2015-07-29 09:59:56', 0, 0),
(2763, 44, 1130, 1, 1, 12445, NULL, NULL, NULL, NULL, '2015-07-29 09:59:56', 0, 0),
(2764, 44, 1127, 1, 1, 16663, NULL, NULL, NULL, NULL, '2015-07-29 09:59:56', 1, 0),
(2765, 42, 1136, 1, 2, 881787, NULL, NULL, NULL, NULL, '2015-07-29 10:09:55', 0, 0),
(2766, 42, 1134, 1, 0, 1180303, NULL, NULL, NULL, NULL, '2015-07-29 10:09:55', 0, 0),
(2767, 43, 1136, 1, 0, 198813, NULL, NULL, NULL, NULL, '2015-07-29 10:09:55', 0, 0),
(2768, 43, 1134, 1, 1, 227690, NULL, NULL, NULL, NULL, '2015-07-29 10:09:55', 1, 0),
(2769, 44, 1136, 1, 0, 49686, NULL, NULL, NULL, NULL, '2015-07-29 10:09:55', 0, 0),
(2770, 44, 1134, 1, 2, 75432, NULL, NULL, NULL, NULL, '2015-07-29 10:09:55', 0, 0),
(2771, 42, 1143, 1, 2, 957279, NULL, NULL, NULL, NULL, '2015-07-29 10:19:55', 0, 0),
(2772, 42, 1139, 1, 0, 441580, NULL, NULL, NULL, NULL, '2015-07-29 10:19:55', 0, 0),
(2773, 42, 1138, 1, 2, 2109139, NULL, NULL, NULL, NULL, '2015-07-29 10:19:55', 0, 0),
(2774, 42, 1142, 1, 2, 820519, NULL, NULL, NULL, NULL, '2015-07-29 10:19:55', 0, 0),
(2775, 42, 1141, 1, 1, 148801, NULL, NULL, NULL, NULL, '2015-07-29 10:19:55', 0, 0),
(2776, 43, 1143, 1, 0, 239119, NULL, NULL, NULL, NULL, '2015-07-29 10:19:55', 0, 0),
(2777, 43, 1139, 1, 0, 184866, NULL, NULL, NULL, NULL, '2015-07-29 10:19:55', 0, 0),
(2778, 43, 1138, 1, 2, 264260, NULL, NULL, NULL, NULL, '2015-07-29 10:19:55', 0, 0),
(2779, 43, 1142, 1, 1, 301389, NULL, NULL, NULL, NULL, '2015-07-29 10:19:55', 1, 0),
(2780, 43, 1141, 1, 2, 336664, NULL, NULL, NULL, NULL, '2015-07-29 10:19:55', 0, 0),
(2781, 44, 1143, 1, 1, 105485, NULL, NULL, NULL, NULL, '2015-07-29 10:19:55', 0, 0),
(2782, 44, 1139, 1, 1, 78955, NULL, NULL, NULL, NULL, '2015-07-29 10:19:55', 0, 0),
(2783, 44, 1138, 1, 0, 28832, NULL, NULL, NULL, NULL, '2015-07-29 10:19:55', 0, 0),
(2784, 44, 1142, 1, 1, 84098, NULL, NULL, NULL, NULL, '2015-07-29 10:19:56', 1, 0),
(2785, 44, 1141, 1, 2, 85863, NULL, NULL, NULL, NULL, '2015-07-29 10:19:56', 0, 0),
(2786, 42, 1148, 1, 2, 1416938, NULL, NULL, NULL, NULL, '2015-07-29 10:29:56', 0, 0),
(2787, 42, 1143, 1, 2, 815927, NULL, NULL, NULL, NULL, '2015-07-29 10:29:56', 0, 0),
(2788, 42, 1147, 1, 2, 28558, NULL, NULL, NULL, NULL, '2015-07-29 10:29:56', 0, 0),
(2789, 42, 1145, 1, 1, 62624, NULL, NULL, NULL, NULL, '2015-07-29 10:29:56', 0, 0),
(2790, 42, 1144, 1, 1, 556479, NULL, NULL, NULL, NULL, '2015-07-29 10:29:56', 1, 0),
(2791, 43, 1148, 1, 1, 408241, NULL, NULL, NULL, NULL, '2015-07-29 10:29:56', 0, 0),
(2792, 43, 1143, 1, 1, 87702, NULL, NULL, NULL, NULL, '2015-07-29 10:29:56', 0, 0),
(2793, 43, 1147, 1, 2, 124024, NULL, NULL, NULL, NULL, '2015-07-29 10:29:56', 0, 0),
(2794, 43, 1145, 1, 2, 273275, NULL, NULL, NULL, NULL, '2015-07-29 10:29:56', 0, 0),
(2795, 43, 1144, 1, 1, 296225, NULL, NULL, NULL, NULL, '2015-07-29 10:29:56', 1, 0),
(2796, 44, 1148, 1, 2, 95927, NULL, NULL, NULL, NULL, '2015-07-29 10:29:56', 0, 0),
(2797, 44, 1143, 1, 0, 37803, NULL, NULL, NULL, NULL, '2015-07-29 10:29:56', 0, 0),
(2798, 44, 1147, 1, 0, 78410, NULL, NULL, NULL, NULL, '2015-07-29 10:29:56', 1, 0),
(2799, 44, 1145, 1, 1, 75409, NULL, NULL, NULL, NULL, '2015-07-29 10:29:57', 0, 0),
(2800, 44, 1144, 1, 1, 67407, NULL, NULL, NULL, NULL, '2015-07-29 10:29:57', 1, 0),
(2801, 42, 1153, 1, 1, 1240420, NULL, NULL, NULL, NULL, '2015-07-29 10:39:55', 0, 0),
(2802, 42, 1149, 1, 1, 1405640, NULL, NULL, NULL, NULL, '2015-07-29 10:39:55', 0, 0),
(2803, 42, 1148, 1, 0, 945825, NULL, NULL, NULL, NULL, '2015-07-29 10:39:55', 0, 0),
(2804, 42, 1152, 1, 1, 18655, NULL, NULL, NULL, NULL, '2015-07-29 10:39:56', 0, 0),
(2805, 42, 1150, 1, 2, 1093676, NULL, NULL, NULL, NULL, '2015-07-29 10:39:56', 0, 0),
(2806, 42, 1143, 1, 1, 838588, NULL, NULL, NULL, NULL, '2015-07-29 10:39:56', 0, 0),
(2807, 42, 1147, 1, 2, 1151636, NULL, NULL, NULL, NULL, '2015-07-29 10:39:56', 0, 0),
(2808, 42, 1145, 1, 0, 818396, NULL, NULL, NULL, NULL, '2015-07-29 10:39:56', 0, 0),
(2809, 43, 1153, 1, 2, 79719, NULL, NULL, NULL, NULL, '2015-07-29 10:39:56', 0, 0),
(2810, 43, 1149, 1, 0, 80252, NULL, NULL, NULL, NULL, '2015-07-29 10:39:56', 0, 0),
(2811, 43, 1148, 1, 1, 296387, NULL, NULL, NULL, NULL, '2015-07-29 10:39:56', 0, 0),
(2812, 43, 1152, 1, 0, 213949, NULL, NULL, NULL, NULL, '2015-07-29 10:39:56', 0, 0),
(2813, 43, 1150, 1, 2, 137688, NULL, NULL, NULL, NULL, '2015-07-29 10:39:56', 0, 0),
(2814, 43, 1143, 1, 2, 152196, NULL, NULL, NULL, NULL, '2015-07-29 10:39:56', 0, 0),
(2815, 43, 1147, 1, 0, 450062, NULL, NULL, NULL, NULL, '2015-07-29 10:39:56', 1, 0),
(2816, 43, 1145, 1, 1, 106465, NULL, NULL, NULL, NULL, '2015-07-29 10:39:56', 0, 0),
(2817, 44, 1153, 1, 0, 98642, NULL, NULL, NULL, NULL, '2015-07-29 10:39:56', 1, 0),
(2818, 44, 1149, 1, 1, 18344, NULL, NULL, NULL, NULL, '2015-07-29 10:39:56', 0, 0),
(2819, 44, 1148, 1, 1, 65261, NULL, NULL, NULL, NULL, '2015-07-29 10:39:56', 0, 0),
(2820, 44, 1152, 1, 2, 114994, NULL, NULL, NULL, NULL, '2015-07-29 10:39:56', 0, 0),
(2821, 44, 1150, 1, 2, 15262, NULL, NULL, NULL, NULL, '2015-07-29 10:39:56', 0, 0),
(2822, 44, 1143, 1, 2, 28899, NULL, NULL, NULL, NULL, '2015-07-29 10:39:56', 0, 0),
(2823, 44, 1147, 1, 1, 77152, NULL, NULL, NULL, NULL, '2015-07-29 10:39:56', 0, 0),
(2824, 44, 1145, 1, 0, 117137, NULL, NULL, NULL, NULL, '2015-07-29 10:39:56', 0, 0),
(2825, 42, 1158, 1, 0, 222817, NULL, NULL, NULL, NULL, '2015-07-29 10:49:57', 0, 0),
(2826, 42, 1156, 1, 0, 1551233, NULL, NULL, NULL, NULL, '2015-07-29 10:49:57', 0, 0),
(2827, 42, 1157, 1, 1, 1597084, NULL, NULL, NULL, NULL, '2015-07-29 10:49:57', 0, 0),
(2828, 42, 1153, 1, 0, 13124, NULL, NULL, NULL, NULL, '2015-07-29 10:49:57', 1, 0),
(2829, 42, 1154, 1, 1, 1383770, NULL, NULL, NULL, NULL, '2015-07-29 10:49:57', 0, 0),
(2830, 42, 1149, 1, 2, 1284316, NULL, NULL, NULL, NULL, '2015-07-29 10:49:57', 0, 0),
(2831, 42, 1155, 1, 0, 199695, NULL, NULL, NULL, NULL, '2015-07-29 10:49:57', 0, 0),
(2832, 43, 1158, 1, 0, 64861, NULL, NULL, NULL, NULL, '2015-07-29 10:49:57', 0, 0),
(2833, 43, 1156, 1, 0, 285732, NULL, NULL, NULL, NULL, '2015-07-29 10:49:57', 0, 0),
(2834, 43, 1157, 1, 1, 340945, NULL, NULL, NULL, NULL, '2015-07-29 10:49:57', 0, 0),
(2835, 43, 1153, 1, 0, 38162, NULL, NULL, NULL, NULL, '2015-07-29 10:49:57', 1, 0),
(2836, 43, 1154, 1, 2, 294824, NULL, NULL, NULL, NULL, '2015-07-29 10:49:58', 0, 0),
(2837, 43, 1149, 1, 1, 276286, NULL, NULL, NULL, NULL, '2015-07-29 10:49:58', 0, 0),
(2838, 43, 1155, 1, 1, 363551, NULL, NULL, NULL, NULL, '2015-07-29 10:49:58', 0, 0),
(2839, 44, 1158, 1, 0, 44272, NULL, NULL, NULL, NULL, '2015-07-29 10:49:58', 0, 0),
(2840, 44, 1156, 1, 1, 82794, NULL, NULL, NULL, NULL, '2015-07-29 10:49:58', 0, 0),
(2841, 44, 1157, 1, 1, 38442, NULL, NULL, NULL, NULL, '2015-07-29 10:49:58', 0, 0),
(2842, 44, 1153, 1, 1, 49399, NULL, NULL, NULL, NULL, '2015-07-29 10:49:58', 0, 0),
(2843, 44, 1154, 1, 2, 59105, NULL, NULL, NULL, NULL, '2015-07-29 10:49:58', 0, 0),
(2844, 44, 1149, 1, 1, 86907, NULL, NULL, NULL, NULL, '2015-07-29 10:49:58', 0, 0),
(2845, 44, 1155, 1, 2, 70080, NULL, NULL, NULL, NULL, '2015-07-29 10:49:58', 0, 0),
(2846, 29, 1161, 1, 0, 360, NULL, NULL, NULL, NULL, '2015-07-29 10:54:43', 0, 0),
(2847, 29, 1157, 1, 1, 160, NULL, NULL, NULL, NULL, '2015-07-29 10:58:35', 0, 0),
(2848, 29, 1159, 1, 2, 690, NULL, NULL, NULL, NULL, '2015-07-29 10:58:46', 0, 0),
(2849, 29, 1156, 1, 1, 210, NULL, NULL, NULL, NULL, '2015-07-29 10:58:55', 0, 0),
(2850, 29, 1158, 1, 0, 120, NULL, NULL, NULL, NULL, '2015-07-29 10:59:07', 0, 0),
(2851, 29, 1162, 1, 0, 60, NULL, NULL, NULL, NULL, '2015-07-29 10:59:20', 0, 0),
(2852, 42, 1163, 1, 2, 1386004, NULL, NULL, NULL, NULL, '2015-07-29 10:59:56', 0, 0),
(2853, 42, 1162, 1, 2, 149146, NULL, NULL, NULL, NULL, '2015-07-29 10:59:56', 0, 0),
(2854, 42, 1158, 1, 0, 1045384, NULL, NULL, NULL, NULL, '2015-07-29 10:59:56', 0, 0),
(2855, 42, 1156, 1, 0, 1788122, NULL, NULL, NULL, NULL, '2015-07-29 10:59:56', 0, 0),
(2856, 42, 1159, 1, 1, 1371241, NULL, NULL, NULL, NULL, '2015-07-29 10:59:56', 1, 0),
(2857, 43, 1163, 1, 0, 27526, NULL, NULL, NULL, NULL, '2015-07-29 10:59:56', 0, 0),
(2858, 43, 1162, 1, 2, 473944, NULL, NULL, NULL, NULL, '2015-07-29 10:59:56', 0, 0),
(2859, 43, 1158, 1, 0, 439923, NULL, NULL, NULL, NULL, '2015-07-29 10:59:56', 0, 0),
(2860, 43, 1156, 1, 2, 614507, NULL, NULL, NULL, NULL, '2015-07-29 10:59:56', 0, 0),
(2861, 43, 1159, 1, 2, 113514, NULL, NULL, NULL, NULL, '2015-07-29 10:59:56', 0, 0),
(2862, 44, 1163, 1, 0, 67710, NULL, NULL, NULL, NULL, '2015-07-29 10:59:56', 0, 0),
(2863, 44, 1162, 1, 0, 46499, NULL, NULL, NULL, NULL, '2015-07-29 10:59:56', 0, 0),
(2864, 44, 1158, 1, 2, 77525, NULL, NULL, NULL, NULL, '2015-07-29 10:59:56', 0, 0),
(2865, 44, 1156, 1, 1, 125917, NULL, NULL, NULL, NULL, '2015-07-29 10:59:56', 0, 0),
(2866, 44, 1159, 1, 0, 136304, NULL, NULL, NULL, NULL, '2015-07-29 10:59:56', 0, 0),
(2867, 42, 1168, 1, 2, 1547382, NULL, NULL, NULL, NULL, '2015-07-29 11:09:56', 0, 0),
(2868, 42, 1167, 1, 0, 47103, NULL, NULL, NULL, NULL, '2015-07-29 11:09:56', 0, 0),
(2869, 42, 1163, 1, 2, 428826, NULL, NULL, NULL, NULL, '2015-07-29 11:09:56', 0, 0),
(2870, 42, 1162, 1, 0, 1492933, NULL, NULL, NULL, NULL, '2015-07-29 11:09:56', 0, 0),
(2871, 42, 1158, 1, 2, 618036, NULL, NULL, NULL, NULL, '2015-07-29 11:09:56', 0, 0),
(2872, 42, 1165, 1, 2, 696865, NULL, NULL, NULL, NULL, '2015-07-29 11:09:56', 0, 0),
(2873, 43, 1168, 1, 0, 238066, NULL, NULL, NULL, NULL, '2015-07-29 11:09:56', 1, 0),
(2874, 43, 1167, 1, 1, 266299, NULL, NULL, NULL, NULL, '2015-07-29 11:09:56', 1, 0),
(2875, 43, 1163, 1, 1, 248004, NULL, NULL, NULL, NULL, '2015-07-29 11:09:56', 1, 0),
(2876, 43, 1162, 1, 0, 286841, NULL, NULL, NULL, NULL, '2015-07-29 11:09:56', 0, 0),
(2877, 43, 1158, 1, 0, 136212, NULL, NULL, NULL, NULL, '2015-07-29 11:09:56', 0, 0),
(2878, 43, 1165, 1, 0, 237969, NULL, NULL, NULL, NULL, '2015-07-29 11:09:56', 0, 0),
(2879, 44, 1168, 1, 2, 57872, NULL, NULL, NULL, NULL, '2015-07-29 11:09:56', 0, 0),
(2880, 44, 1167, 1, 1, 7721, NULL, NULL, NULL, NULL, '2015-07-29 11:09:56', 1, 0),
(2881, 44, 1163, 1, 0, 81901, NULL, NULL, NULL, NULL, '2015-07-29 11:09:56', 0, 0),
(2882, 44, 1162, 1, 2, 49145, NULL, NULL, NULL, NULL, '2015-07-29 11:09:56', 0, 0),
(2883, 44, 1158, 1, 1, 6784, NULL, NULL, NULL, NULL, '2015-07-29 11:09:56', 0, 0),
(2884, 44, 1165, 1, 0, 43441, NULL, NULL, NULL, NULL, '2015-07-29 11:09:56', 0, 0),
(2885, 42, 1172, 1, 0, 909593, NULL, NULL, NULL, NULL, '2015-07-29 11:19:56', 0, 0),
(2886, 42, 1170, 1, 0, 1810150, NULL, NULL, NULL, NULL, '2015-07-29 11:19:56', 1, 0),
(2887, 43, 1172, 1, 0, 421131, NULL, NULL, NULL, NULL, '2015-07-29 11:19:56', 0, 0),
(2888, 43, 1170, 1, 2, 291275, NULL, NULL, NULL, NULL, '2015-07-29 11:19:56', 0, 0),
(2889, 44, 1172, 1, 2, 56043, NULL, NULL, NULL, NULL, '2015-07-29 11:19:56', 0, 0),
(2890, 44, 1170, 1, 1, 93184, NULL, NULL, NULL, NULL, '2015-07-29 11:19:56', 0, 0),
(2891, 42, 1176, 1, 1, 1619120, NULL, NULL, NULL, NULL, '2015-07-29 11:29:56', 0, 0),
(2892, 42, 1174, 1, 0, 1647987, NULL, NULL, NULL, NULL, '2015-07-29 11:29:56', 0, 0),
(2893, 42, 1173, 1, 2, 2445620, NULL, NULL, NULL, NULL, '2015-07-29 11:29:56', 0, 0),
(2894, 42, 1175, 1, 1, 139634, NULL, NULL, NULL, NULL, '2015-07-29 11:29:56', 1, 0),
(2895, 42, 1177, 1, 1, 2535851, NULL, NULL, NULL, NULL, '2015-07-29 11:29:56', 0, 0),
(2896, 42, 1172, 1, 2, 1704504, NULL, NULL, NULL, NULL, '2015-07-29 11:29:56', 0, 0),
(2897, 43, 1176, 1, 0, 424012, NULL, NULL, NULL, NULL, '2015-07-29 11:29:56', 0, 0),
(2898, 43, 1174, 1, 1, 244760, NULL, NULL, NULL, NULL, '2015-07-29 11:29:56', 0, 0),
(2899, 43, 1173, 1, 0, 321552, NULL, NULL, NULL, NULL, '2015-07-29 11:29:56', 0, 0),
(2900, 43, 1175, 1, 1, 677693, NULL, NULL, NULL, NULL, '2015-07-29 11:29:56', 1, 0),
(2901, 43, 1177, 1, 2, 560381, NULL, NULL, NULL, NULL, '2015-07-29 11:29:56', 0, 0),
(2902, 43, 1172, 1, 0, 552088, NULL, NULL, NULL, NULL, '2015-07-29 11:29:56', 0, 0),
(2903, 44, 1176, 1, 2, 52189, NULL, NULL, NULL, NULL, '2015-07-29 11:29:56', 0, 0),
(2904, 44, 1174, 1, 1, 135208, NULL, NULL, NULL, NULL, '2015-07-29 11:29:56', 0, 0),
(2905, 44, 1173, 1, 2, 50495, NULL, NULL, NULL, NULL, '2015-07-29 11:29:56', 0, 0),
(2906, 44, 1175, 1, 2, 48346, NULL, NULL, NULL, NULL, '2015-07-29 11:29:57', 0, 0),
(2907, 44, 1177, 1, 1, 95846, NULL, NULL, NULL, NULL, '2015-07-29 11:29:57', 0, 0),
(2908, 44, 1172, 1, 1, 215845, NULL, NULL, NULL, NULL, '2015-07-29 11:29:57', 1, 0),
(2909, 29, 1172, 1, 0, 200, NULL, NULL, NULL, NULL, '2015-07-29 11:31:42', 0, 0),
(2910, 42, 1179, 1, 2, 1111277, NULL, NULL, NULL, NULL, '2015-07-29 11:40:00', 0, 0),
(2911, 42, 1182, 1, 0, 2075933, NULL, NULL, NULL, NULL, '2015-07-29 11:40:00', 0, 0),
(2912, 42, 1178, 1, 1, 616960, NULL, NULL, NULL, NULL, '2015-07-29 11:40:00', 1, 0),
(2913, 42, 1173, 1, 1, 246402, NULL, NULL, NULL, NULL, '2015-07-29 11:40:00', 1, 0),
(2914, 42, 1174, 1, 2, 1376472, NULL, NULL, NULL, NULL, '2015-07-29 11:40:00', 0, 0),
(2915, 42, 1176, 1, 1, 2065875, NULL, NULL, NULL, NULL, '2015-07-29 11:40:00', 0, 0),
(2916, 42, 1180, 1, 1, 2149833, NULL, NULL, NULL, NULL, '2015-07-29 11:40:00', 0, 0),
(2917, 43, 1179, 1, 0, 582256, NULL, NULL, NULL, NULL, '2015-07-29 11:40:00', 0, 0),
(2918, 43, 1182, 1, 1, 183410, NULL, NULL, NULL, NULL, '2015-07-29 11:40:01', 0, 0),
(2919, 43, 1178, 1, 1, 362435, NULL, NULL, NULL, NULL, '2015-07-29 11:40:01', 1, 0),
(2920, 43, 1173, 1, 2, 736484, NULL, NULL, NULL, NULL, '2015-07-29 11:40:01', 0, 0),
(2921, 43, 1174, 1, 1, 680233, NULL, NULL, NULL, NULL, '2015-07-29 11:40:01', 0, 0),
(2922, 43, 1176, 1, 1, 371850, NULL, NULL, NULL, NULL, '2015-07-29 11:40:01', 0, 0),
(2923, 43, 1180, 1, 1, 265128, NULL, NULL, NULL, NULL, '2015-07-29 11:40:01', 0, 0),
(2924, 44, 1179, 1, 1, 61034, NULL, NULL, NULL, NULL, '2015-07-29 11:40:01', 1, 0),
(2925, 44, 1182, 1, 2, 85053, NULL, NULL, NULL, NULL, '2015-07-29 11:40:01', 0, 0),
(2926, 44, 1178, 1, 1, 146302, NULL, NULL, NULL, NULL, '2015-07-29 11:40:01', 1, 0),
(2927, 44, 1173, 1, 1, 93631, NULL, NULL, NULL, NULL, '2015-07-29 11:40:01', 1, 0),
(2928, 44, 1174, 1, 2, 59601, NULL, NULL, NULL, NULL, '2015-07-29 11:40:01', 0, 0),
(2929, 44, 1176, 1, 0, 88755, NULL, NULL, NULL, NULL, '2015-07-29 11:40:01', 0, 0),
(2930, 44, 1180, 1, 1, 47804, NULL, NULL, NULL, NULL, '2015-07-29 11:40:02', 0, 0),
(2931, 42, 1183, 1, 2, 1303091, NULL, NULL, NULL, NULL, '2015-07-29 11:49:59', 0, 0),
(2932, 42, 1188, 1, 0, 910134, NULL, NULL, NULL, NULL, '2015-07-29 11:49:59', 0, 0),
(2933, 42, 1187, 1, 0, 1556968, NULL, NULL, NULL, NULL, '2015-07-29 11:49:59', 0, 0),
(2934, 42, 1184, 1, 1, 747886, NULL, NULL, NULL, NULL, '2015-07-29 11:50:00', 0, 0),
(2935, 42, 1185, 1, 2, 30524, NULL, NULL, NULL, NULL, '2015-07-29 11:50:00', 0, 0),
(2936, 42, 1186, 1, 1, 1718893, NULL, NULL, NULL, NULL, '2015-07-29 11:50:01', 1, 0),
(2937, 42, 1179, 1, 1, 489759, NULL, NULL, NULL, NULL, '2015-07-29 11:50:01', 1, 0),
(2938, 43, 1183, 1, 2, 679381, NULL, NULL, NULL, NULL, '2015-07-29 11:50:01', 0, 0),
(2939, 43, 1188, 1, 2, 425875, NULL, NULL, NULL, NULL, '2015-07-29 11:50:01', 0, 0),
(2940, 43, 1187, 1, 0, 419730, NULL, NULL, NULL, NULL, '2015-07-29 11:50:01', 0, 0),
(2941, 43, 1184, 1, 1, 498838, NULL, NULL, NULL, NULL, '2015-07-29 11:50:01', 0, 0),
(2942, 43, 1185, 1, 1, 761818, NULL, NULL, NULL, NULL, '2015-07-29 11:50:02', 1, 0),
(2943, 43, 1186, 1, 2, 662748, NULL, NULL, NULL, NULL, '2015-07-29 11:50:02', 0, 0),
(2944, 43, 1179, 1, 1, 28811, NULL, NULL, NULL, NULL, '2015-07-29 11:50:02', 1, 0),
(2945, 44, 1183, 1, 2, 78128, NULL, NULL, NULL, NULL, '2015-07-29 11:50:02', 0, 0),
(2946, 44, 1188, 1, 0, 182799, NULL, NULL, NULL, NULL, '2015-07-29 11:50:03', 0, 0),
(2947, 44, 1187, 1, 2, 127418, NULL, NULL, NULL, NULL, '2015-07-29 11:50:03', 0, 0),
(2948, 44, 1184, 1, 2, 184264, NULL, NULL, NULL, NULL, '2015-07-29 11:50:03', 0, 0),
(2949, 44, 1185, 1, 1, 126933, NULL, NULL, NULL, NULL, '2015-07-29 11:50:03', 1, 0),
(2950, 44, 1186, 1, 0, 128818, NULL, NULL, NULL, NULL, '2015-07-29 11:50:04', 0, 0),
(2951, 44, 1179, 1, 0, 88768, NULL, NULL, NULL, NULL, '2015-07-29 11:50:04', 0, 0),
(2952, 42, 1193, 1, 1, 1633914, NULL, NULL, NULL, NULL, '2015-07-29 11:59:58', 0, 0),
(2953, 42, 1190, 1, 2, 951103, NULL, NULL, NULL, NULL, '2015-07-29 11:59:59', 0, 0),
(2954, 42, 1189, 1, 0, 554896, NULL, NULL, NULL, NULL, '2015-07-29 11:59:59', 0, 0),
(2955, 42, 1188, 1, 1, 2551839, NULL, NULL, NULL, NULL, '2015-07-29 11:59:59', 1, 0),
(2956, 42, 1183, 1, 1, 303789, NULL, NULL, NULL, NULL, '2015-07-29 11:59:59', 1, 0),
(2957, 43, 1193, 1, 1, 522959, NULL, NULL, NULL, NULL, '2015-07-29 11:59:59', 0, 0),
(2958, 43, 1190, 1, 0, 287082, NULL, NULL, NULL, NULL, '2015-07-29 11:59:59', 1, 0),
(2959, 43, 1189, 1, 1, 606708, NULL, NULL, NULL, NULL, '2015-07-29 12:00:00', 0, 0),
(2960, 43, 1188, 1, 2, 893876, NULL, NULL, NULL, NULL, '2015-07-29 12:00:00', 0, 0),
(2961, 43, 1183, 1, 2, 552806, NULL, NULL, NULL, NULL, '2015-07-29 12:00:00', 0, 0),
(2962, 44, 1193, 1, 1, 106557, NULL, NULL, NULL, NULL, '2015-07-29 12:00:00', 0, 0),
(2963, 44, 1190, 1, 0, 172328, NULL, NULL, NULL, NULL, '2015-07-29 12:00:00', 1, 0),
(2964, 44, 1189, 1, 0, 244339, NULL, NULL, NULL, NULL, '2015-07-29 12:00:00', 0, 0),
(2965, 44, 1188, 1, 2, 38644, NULL, NULL, NULL, NULL, '2015-07-29 12:00:01', 0, 0),
(2966, 44, 1183, 1, 2, 204484, NULL, NULL, NULL, NULL, '2015-07-29 12:00:01', 0, 0),
(2967, 42, 1193, 1, 0, 1721330, NULL, NULL, NULL, NULL, '2015-07-29 12:09:57', 0, 0),
(2968, 42, 1194, 1, 2, 1091301, NULL, NULL, NULL, NULL, '2015-07-29 12:09:57', 0, 0),
(2969, 42, 1197, 1, 0, 242011, NULL, NULL, NULL, NULL, '2015-07-29 12:09:57', 0, 0),
(2970, 42, 1198, 1, 1, 1137271, NULL, NULL, NULL, NULL, '2015-07-29 12:09:57', 0, 0),
(2971, 42, 1195, 1, 1, 2198231, NULL, NULL, NULL, NULL, '2015-07-29 12:09:57', 0, 0),
(2972, 42, 1196, 1, 1, 3529713, NULL, NULL, NULL, NULL, '2015-07-29 12:09:57', 0, 0),
(2973, 42, 1190, 1, 0, 137723, NULL, NULL, NULL, NULL, '2015-07-29 12:09:57', 1, 0),
(2974, 43, 1193, 1, 0, 206294, NULL, NULL, NULL, NULL, '2015-07-29 12:09:57', 0, 0),
(2975, 43, 1194, 1, 0, 1033392, NULL, NULL, NULL, NULL, '2015-07-29 12:09:57', 0, 0),
(2976, 43, 1197, 1, 2, 380691, NULL, NULL, NULL, NULL, '2015-07-29 12:09:57', 0, 0),
(2977, 43, 1198, 1, 0, 440042, NULL, NULL, NULL, NULL, '2015-07-29 12:09:57', 0, 0),
(2978, 43, 1195, 1, 0, 170006, NULL, NULL, NULL, NULL, '2015-07-29 12:09:57', 0, 0),
(2979, 43, 1196, 1, 2, 160948, NULL, NULL, NULL, NULL, '2015-07-29 12:09:57', 0, 0),
(2980, 43, 1190, 1, 0, 81749, NULL, NULL, NULL, NULL, '2015-07-29 12:09:57', 1, 0),
(2981, 44, 1193, 1, 0, 81745, NULL, NULL, NULL, NULL, '2015-07-29 12:09:57', 0, 0),
(2982, 44, 1194, 1, 1, 74552, NULL, NULL, NULL, NULL, '2015-07-29 12:09:57', 0, 0),
(2983, 44, 1197, 1, 0, 95655, NULL, NULL, NULL, NULL, '2015-07-29 12:09:57', 0, 0),
(2984, 44, 1198, 1, 0, 301404, NULL, NULL, NULL, NULL, '2015-07-29 12:09:57', 0, 0),
(2985, 44, 1195, 1, 1, 69013, NULL, NULL, NULL, NULL, '2015-07-29 12:09:57', 0, 0),
(2986, 44, 1196, 1, 0, 53128, NULL, NULL, NULL, NULL, '2015-07-29 12:09:57', 0, 0),
(2987, 44, 1190, 1, 0, 35436, NULL, NULL, NULL, NULL, '2015-07-29 12:09:57', 1, 0),
(2988, 42, 1202, 1, 0, 288514, NULL, NULL, NULL, NULL, '2015-07-29 12:19:57', 0, 0),
(2989, 42, 1199, 1, 0, 2477090, NULL, NULL, NULL, NULL, '2015-07-29 12:19:57', 0, 0),
(2990, 42, 1201, 1, 2, 2220760, NULL, NULL, NULL, NULL, '2015-07-29 12:19:57', 0, 0),
(2991, 42, 1193, 1, 0, 3252434, NULL, NULL, NULL, NULL, '2015-07-29 12:19:57', 0, 0),
(2992, 43, 1202, 1, 1, 1268293, NULL, NULL, NULL, NULL, '2015-07-29 12:19:57', 1, 0),
(2993, 43, 1199, 1, 0, 529669, NULL, NULL, NULL, NULL, '2015-07-29 12:19:57', 0, 0),
(2994, 43, 1201, 1, 0, 142032, NULL, NULL, NULL, NULL, '2015-07-29 12:19:57', 0, 0),
(2995, 43, 1193, 1, 2, 201272, NULL, NULL, NULL, NULL, '2015-07-29 12:19:57', 0, 0),
(2996, 44, 1202, 1, 0, 38314, NULL, NULL, NULL, NULL, '2015-07-29 12:19:57', 0, 0),
(2997, 44, 1199, 1, 0, 314299, NULL, NULL, NULL, NULL, '2015-07-29 12:19:57', 0, 0),
(2998, 44, 1201, 1, 2, 211137, NULL, NULL, NULL, NULL, '2015-07-29 12:19:57', 0, 0),
(2999, 44, 1193, 1, 2, 238365, NULL, NULL, NULL, NULL, '2015-07-29 12:19:57', 0, 0),
(3000, 42, 1205, 1, 2, 2362222, NULL, NULL, NULL, NULL, '2015-07-29 12:29:56', 0, 0),
(3001, 42, 1206, 1, 0, 1447293, NULL, NULL, NULL, NULL, '2015-07-29 12:29:56', 0, 0),
(3002, 42, 1207, 1, 0, 822485, NULL, NULL, NULL, NULL, '2015-07-29 12:29:56', 1, 0),
(3003, 42, 1203, 1, 2, 3420446, NULL, NULL, NULL, NULL, '2015-07-29 12:29:56', 0, 0),
(3004, 42, 1204, 1, 1, 2836637, NULL, NULL, NULL, NULL, '2015-07-29 12:29:56', 0, 0),
(3005, 42, 1202, 1, 2, 745766, NULL, NULL, NULL, NULL, '2015-07-29 12:29:56', 0, 0),
(3006, 43, 1205, 1, 1, 116686, NULL, NULL, NULL, NULL, '2015-07-29 12:29:57', 0, 0),
(3007, 43, 1206, 1, 0, 614579, NULL, NULL, NULL, NULL, '2015-07-29 12:29:57', 0, 0),
(3008, 43, 1207, 1, 0, 1348936, NULL, NULL, NULL, NULL, '2015-07-29 12:29:57', 1, 0),
(3009, 43, 1203, 1, 0, 797642, NULL, NULL, NULL, NULL, '2015-07-29 12:29:57', 1, 0),
(3010, 43, 1204, 1, 0, 200002, NULL, NULL, NULL, NULL, '2015-07-29 12:29:57', 0, 0),
(3011, 43, 1202, 1, 1, 447032, NULL, NULL, NULL, NULL, '2015-07-29 12:29:57', 1, 0),
(3012, 44, 1205, 1, 2, 309892, NULL, NULL, NULL, NULL, '2015-07-29 12:29:57', 0, 0),
(3013, 44, 1206, 1, 2, 127785, NULL, NULL, NULL, NULL, '2015-07-29 12:29:57', 0, 0),
(3014, 44, 1207, 1, 1, 139855, NULL, NULL, NULL, NULL, '2015-07-29 12:29:57', 0, 0),
(3015, 44, 1203, 1, 0, 21562, NULL, NULL, NULL, NULL, '2015-07-29 12:29:57', 1, 0),
(3016, 44, 1204, 1, 2, 55516, NULL, NULL, NULL, NULL, '2015-07-29 12:29:57', 0, 0),
(3017, 44, 1202, 1, 0, 358232, NULL, NULL, NULL, NULL, '2015-07-29 12:29:57', 0, 0),
(3018, 42, 1209, 1, 2, 57559, NULL, NULL, NULL, NULL, '2015-07-29 12:39:57', 0, 0),
(3019, 42, 1213, 1, 0, 885950, NULL, NULL, NULL, NULL, '2015-07-29 12:39:57', 0, 0),
(3020, 42, 1210, 1, 1, 1812860, NULL, NULL, NULL, NULL, '2015-07-29 12:39:57', 0, 0),
(3021, 42, 1211, 1, 1, 3743720, NULL, NULL, NULL, NULL, '2015-07-29 12:39:57', 1, 0),
(3022, 42, 1212, 1, 0, 2064578, NULL, NULL, NULL, NULL, '2015-07-29 12:39:57', 1, 0),
(3023, 42, 1205, 1, 2, 3874662, NULL, NULL, NULL, NULL, '2015-07-29 12:39:57', 0, 0),
(3024, 42, 1206, 1, 2, 1335872, NULL, NULL, NULL, NULL, '2015-07-29 12:39:57', 0, 0),
(3025, 42, 1207, 1, 0, 2230283, NULL, NULL, NULL, NULL, '2015-07-29 12:39:58', 1, 0),
(3026, 42, 1203, 1, 0, 2497681, NULL, NULL, NULL, NULL, '2015-07-29 12:39:58', 1, 0),
(3027, 43, 1209, 1, 2, 9919, NULL, NULL, NULL, NULL, '2015-07-29 12:39:58', 0, 0),
(3028, 43, 1213, 1, 2, 994803, NULL, NULL, NULL, NULL, '2015-07-29 12:39:58', 0, 0),
(3029, 43, 1210, 1, 2, 770198, NULL, NULL, NULL, NULL, '2015-07-29 12:39:58', 0, 0),
(3030, 43, 1211, 1, 1, 508179, NULL, NULL, NULL, NULL, '2015-07-29 12:39:58', 1, 0),
(3031, 43, 1212, 1, 1, 1181801, NULL, NULL, NULL, NULL, '2015-07-29 12:39:58', 0, 0),
(3032, 43, 1205, 1, 2, 944065, NULL, NULL, NULL, NULL, '2015-07-29 12:39:58', 0, 0),
(3033, 43, 1206, 1, 1, 750142, NULL, NULL, NULL, NULL, '2015-07-29 12:39:58', 0, 0),
(3034, 43, 1207, 1, 2, 950624, NULL, NULL, NULL, NULL, '2015-07-29 12:39:58', 0, 0),
(3035, 43, 1203, 1, 2, 414879, NULL, NULL, NULL, NULL, '2015-07-29 12:39:58', 0, 0),
(3036, 44, 1209, 1, 1, 192821, NULL, NULL, NULL, NULL, '2015-07-29 12:39:58', 1, 0),
(3037, 44, 1213, 1, 2, 6614, NULL, NULL, NULL, NULL, '2015-07-29 12:39:58', 0, 0),
(3038, 44, 1210, 1, 1, 373175, NULL, NULL, NULL, NULL, '2015-07-29 12:39:58', 0, 0),
(3039, 44, 1211, 1, 1, 193033, NULL, NULL, NULL, NULL, '2015-07-29 12:39:58', 1, 0),
(3040, 44, 1212, 1, 0, 282386, NULL, NULL, NULL, NULL, '2015-07-29 12:39:58', 1, 0),
(3041, 44, 1205, 1, 2, 370021, NULL, NULL, NULL, NULL, '2015-07-29 12:39:58', 0, 0),
(3042, 44, 1206, 1, 0, 80338, NULL, NULL, NULL, NULL, '2015-07-29 12:39:59', 0, 0),
(3043, 44, 1207, 1, 1, 150776, NULL, NULL, NULL, NULL, '2015-07-29 12:39:59', 0, 0),
(3044, 44, 1203, 1, 1, 225678, NULL, NULL, NULL, NULL, '2015-07-29 12:39:59', 0, 0),
(3045, 42, 1218, 1, 0, 602514, NULL, NULL, NULL, NULL, '2015-07-29 12:49:57', 0, 0),
(3046, 42, 1216, 1, 1, 2420190, NULL, NULL, NULL, NULL, '2015-07-29 12:49:57', 0, 0),
(3047, 42, 1215, 1, 1, 2066130, NULL, NULL, NULL, NULL, '2015-07-29 12:49:57', 0, 0),
(3048, 42, 1213, 1, 1, 1887848, NULL, NULL, NULL, NULL, '2015-07-29 12:49:57', 0, 0),
(3049, 42, 1209, 1, 2, 1365001, NULL, NULL, NULL, NULL, '2015-07-29 12:49:57', 0, 0),
(3050, 42, 1210, 1, 0, 1464895, NULL, NULL, NULL, NULL, '2015-07-29 12:49:57', 1, 0),
(3051, 43, 1218, 1, 1, 664861, NULL, NULL, NULL, NULL, '2015-07-29 12:49:57', 1, 0),
(3052, 43, 1216, 1, 2, 1158835, NULL, NULL, NULL, NULL, '2015-07-29 12:49:57', 0, 0),
(3053, 43, 1215, 1, 0, 144339, NULL, NULL, NULL, NULL, '2015-07-29 12:49:57', 0, 0),
(3054, 43, 1213, 1, 2, 792448, NULL, NULL, NULL, NULL, '2015-07-29 12:49:57', 0, 0),
(3055, 43, 1209, 1, 0, 204167, NULL, NULL, NULL, NULL, '2015-07-29 12:49:57', 0, 0),
(3056, 43, 1210, 1, 2, 595794, NULL, NULL, NULL, NULL, '2015-07-29 12:49:57', 0, 0),
(3057, 44, 1218, 1, 1, 145549, NULL, NULL, NULL, NULL, '2015-07-29 12:49:57', 1, 0),
(3058, 44, 1216, 1, 1, 27878, NULL, NULL, NULL, NULL, '2015-07-29 12:49:58', 0, 0),
(3059, 44, 1215, 1, 2, 62350, NULL, NULL, NULL, NULL, '2015-07-29 12:49:58', 0, 0),
(3060, 44, 1213, 1, 0, 208615, NULL, NULL, NULL, NULL, '2015-07-29 12:49:58', 0, 0),
(3061, 44, 1209, 1, 0, 73443, NULL, NULL, NULL, NULL, '2015-07-29 12:49:58', 0, 0),
(3062, 44, 1210, 1, 2, 235039, NULL, NULL, NULL, NULL, '2015-07-29 12:49:58', 0, 0),
(3063, 42, 1219, 1, 0, 5247524, NULL, NULL, NULL, NULL, '2015-07-29 12:59:57', NULL, 0),
(3064, 42, 1222, 1, 0, 668434, NULL, NULL, NULL, NULL, '2015-07-29 12:59:57', 1, 0),
(3065, 42, 1220, 1, 2, 4951576, NULL, NULL, NULL, NULL, '2015-07-29 12:59:57', 0, 0),
(3066, 42, 1221, 1, 2, 3884872, NULL, NULL, NULL, NULL, '2015-07-29 12:59:57', 0, 0),
(3067, 43, 1219, 1, 2, 2151772, NULL, NULL, NULL, NULL, '2015-07-29 12:59:57', NULL, 0),
(3068, 43, 1222, 1, 0, 1850143, NULL, NULL, NULL, NULL, '2015-07-29 12:59:57', 1, 0),
(3069, 43, 1220, 1, 1, 1381535, NULL, NULL, NULL, NULL, '2015-07-29 12:59:57', 1, 0),
(3070, 43, 1221, 1, 2, 817676, NULL, NULL, NULL, NULL, '2015-07-29 12:59:57', 0, 0),
(3071, 44, 1219, 1, 0, 389186, NULL, NULL, NULL, NULL, '2015-07-29 12:59:58', NULL, 0),
(3072, 44, 1222, 1, 1, 220459, NULL, NULL, NULL, NULL, '2015-07-29 12:59:58', 0, 0),
(3073, 44, 1220, 1, 2, 408476, NULL, NULL, NULL, NULL, '2015-07-29 12:59:58', 0, 0),
(3074, 44, 1221, 1, 2, 404705, NULL, NULL, NULL, NULL, '2015-07-29 12:59:58', 0, 0),
(3075, 42, 1226, 1, 0, 1506352, NULL, NULL, NULL, NULL, '2015-07-29 13:09:57', NULL, 0),
(3076, 42, 1225, 1, 1, 908291, NULL, NULL, NULL, NULL, '2015-07-29 13:09:57', NULL, 0),
(3077, 42, 1224, 1, 0, 5233275, NULL, NULL, NULL, NULL, '2015-07-29 13:09:57', NULL, 0),
(3078, 42, 1219, 1, 1, 4552960, NULL, NULL, NULL, NULL, '2015-07-29 13:09:57', NULL, 0),
(3079, 43, 1226, 1, 1, 1681384, NULL, NULL, NULL, NULL, '2015-07-29 13:09:57', NULL, 0),
(3080, 43, 1225, 1, 1, 213688, NULL, NULL, NULL, NULL, '2015-07-29 13:09:57', NULL, 0),
(3081, 43, 1224, 1, 0, 446750, NULL, NULL, NULL, NULL, '2015-07-29 13:09:57', NULL, 0),
(3082, 43, 1219, 1, 0, 1090881, NULL, NULL, NULL, NULL, '2015-07-29 13:09:58', NULL, 0),
(3083, 44, 1226, 1, 2, 564093, NULL, NULL, NULL, NULL, '2015-07-29 13:09:58', NULL, 0),
(3084, 44, 1225, 1, 1, 547469, NULL, NULL, NULL, NULL, '2015-07-29 13:09:58', NULL, 0),
(3085, 44, 1224, 1, 2, 82945, NULL, NULL, NULL, NULL, '2015-07-29 13:09:58', NULL, 0),
(3086, 44, 1219, 1, 0, 107510, NULL, NULL, NULL, NULL, '2015-07-29 13:09:58', NULL, 0),
(3087, 42, 1231, 1, 0, 5644224, NULL, NULL, NULL, NULL, '2015-07-29 13:19:57', NULL, 0),
(3088, 42, 1230, 1, 0, 4335197, NULL, NULL, NULL, NULL, '2015-07-29 13:19:57', NULL, 0),
(3089, 42, 1229, 1, 0, 3687642, NULL, NULL, NULL, NULL, '2015-07-29 13:19:57', NULL, 0),
(3090, 42, 1226, 1, 0, 3788619, NULL, NULL, NULL, NULL, '2015-07-29 13:19:57', NULL, 0),
(3091, 42, 1225, 1, 2, 6947208, NULL, NULL, NULL, NULL, '2015-07-29 13:19:57', NULL, 0),
(3092, 43, 1231, 1, 0, 2431158, NULL, NULL, NULL, NULL, '2015-07-29 13:19:57', NULL, 0),
(3093, 43, 1230, 1, 1, 1889444, NULL, NULL, NULL, NULL, '2015-07-29 13:19:57', NULL, 0),
(3094, 43, 1229, 1, 2, 2554445, NULL, NULL, NULL, NULL, '2015-07-29 13:19:57', NULL, 0),
(3095, 43, 1226, 1, 2, 1787998, NULL, NULL, NULL, NULL, '2015-07-29 13:19:57', NULL, 0),
(3096, 43, 1225, 1, 1, 451018, NULL, NULL, NULL, NULL, '2015-07-29 13:19:57', NULL, 0),
(3097, 44, 1231, 1, 1, 126770, NULL, NULL, NULL, NULL, '2015-07-29 13:19:57', NULL, 0),
(3098, 44, 1230, 1, 1, 397316, NULL, NULL, NULL, NULL, '2015-07-29 13:19:57', NULL, 0),
(3099, 44, 1229, 1, 0, 461533, NULL, NULL, NULL, NULL, '2015-07-29 13:19:57', NULL, 0),
(3100, 44, 1226, 1, 2, 128205, NULL, NULL, NULL, NULL, '2015-07-29 13:19:58', NULL, 0),
(3101, 44, 1225, 1, 2, 293776, NULL, NULL, NULL, NULL, '2015-07-29 13:19:58', NULL, 0);

-- --------------------------------------------------------

--
-- Table structure for table `Country`
--

CREATE TABLE IF NOT EXISTS `Country` (
  `CountryCode` char(3) NOT NULL DEFAULT '',
  `Name` varchar(50) NOT NULL,
  PRIMARY KEY (`CountryCode`)
) ENGINE=InnoDB DEFAULT CHARSET=utf8;

--
-- Dumping data for table `Country`
--

INSERT INTO `Country` (`CountryCode`, `Name`) VALUES
('GBR', 'United Kingdom'),
('HKG', 'Hong Kong'),
('PRT', 'Portugal'),
('UKR', 'Ukraine');

-- --------------------------------------------------------

--
-- Table structure for table `Match`
--

CREATE TABLE IF NOT EXISTS `Match` (
  `id` int(11) NOT NULL AUTO_INCREMENT,
  `team_1` int(11) NOT NULL,
  `team_2` int(11) NOT NULL,
  `start_time` datetime DEFAULT NULL,
  `end_time` datetime DEFAULT NULL,
  PRIMARY KEY (`id`)
) ENGINE=InnoDB  DEFAULT CHARSET=utf8 AUTO_INCREMENT=1238 ;

--
-- Dumping data for table `Match`
--

INSERT INTO `Match` (`id`, `team_1`, `team_2`, `start_time`, `end_time`) VALUES
(880, 299, 295, '2015-07-29 02:41:01', '2015-07-29 02:51:01'),
(881, 36, 516, '2015-07-29 02:47:01', '2015-07-29 02:57:01'),
(882, 2, 6, '2015-07-29 02:48:01', '2015-07-29 02:58:01'),
(883, 340, 567, '2015-07-29 02:46:01', '2015-07-29 02:56:01'),
(884, 521, 514, '2015-07-29 02:51:01', '2015-07-29 03:01:01'),
(885, 541, 15, '2015-07-29 02:58:01', '2015-07-29 03:08:01'),
(886, 13, 543, '2015-07-29 02:49:01', '2015-07-29 02:59:01'),
(887, 543, 84, '2015-07-29 02:46:01', '2015-07-29 02:56:01'),
(888, 38, 295, '2015-07-29 03:06:01', '2015-07-29 03:16:01'),
(889, 6, 30, '2015-07-29 03:09:01', '2015-07-29 03:19:01'),
(890, 299, 338, '2015-07-29 03:07:01', '2015-07-29 03:17:01'),
(891, 29, 57, '2015-07-29 03:10:01', '2015-07-29 03:20:01'),
(892, 61, 546, '2015-07-29 02:57:01', '2015-07-29 03:07:01'),
(893, 91, 354, '2015-07-29 03:19:01', '2015-07-29 03:29:01'),
(894, 11, 46, '2015-07-29 03:05:01', '2015-07-29 03:15:01'),
(895, 556, 74, '2015-07-29 03:11:01', '2015-07-29 03:21:01'),
(896, 87, 61, '2015-07-29 03:09:01', '2015-07-29 03:19:01'),
(897, 64, 527, '2015-07-29 03:20:02', '2015-07-29 03:30:02'),
(898, 2, 78, '2015-07-29 03:16:01', '2015-07-29 03:26:01'),
(899, 46, 267, '2015-07-29 03:15:01', '2015-07-29 03:25:01'),
(900, 338, 72, '2015-07-29 03:20:01', '2015-07-29 03:30:01'),
(901, 721, 28, '2015-07-29 03:15:01', '2015-07-29 03:25:01'),
(902, 80, 531, '2015-07-29 03:20:01', '2015-07-29 03:30:01'),
(903, 523, 510, '2015-07-29 03:28:01', '2015-07-29 03:38:01'),
(904, 545, 61, '2015-07-29 03:31:01', '2015-07-29 03:41:01'),
(905, 299, 513, '2015-07-29 03:39:01', '2015-07-29 03:49:01'),
(906, 61, 5, '2015-07-29 03:27:01', '2015-07-29 03:37:01'),
(907, 522, 16, '2015-07-29 03:33:01', '2015-07-29 03:43:01'),
(908, 536, 544, '2015-07-29 03:51:02', '2015-07-29 04:01:02'),
(909, 529, 559, '2015-07-29 03:35:02', '2015-07-29 03:45:02'),
(910, 721, 526, '2015-07-29 03:53:02', '2015-07-29 04:03:02'),
(911, 7, 66, '2015-07-29 03:51:02', '2015-07-29 04:01:02'),
(912, 79, 19, '2015-07-29 03:38:02', '2015-07-29 03:48:02'),
(913, 513, 286, '2015-07-29 04:05:01', '2015-07-29 04:15:01'),
(914, 20, 516, '2015-07-29 04:03:01', '2015-07-29 04:13:01'),
(915, 595, 515, '2015-07-29 03:49:01', '2015-07-29 03:59:01'),
(916, 18, 556, '2015-07-29 03:47:01', '2015-07-29 03:57:01'),
(917, 29, 560, '2015-07-29 03:55:01', '2015-07-29 04:05:01'),
(918, 745, 517, '2015-07-29 04:13:01', '2015-07-29 04:23:01'),
(919, 10, 24, '2015-07-29 04:11:02', '2015-07-29 04:21:02'),
(920, 15, 1042, '2015-07-29 04:08:02', '2015-07-29 04:18:02'),
(921, 541, 510, '2015-07-29 03:56:02', '2015-07-29 04:06:02'),
(922, 346, 83, '2015-07-29 04:09:02', '2015-07-29 04:19:02'),
(923, 596, 31, '2015-07-29 04:24:01', '2015-07-29 04:34:01'),
(924, 526, 72, '2015-07-29 04:16:01', '2015-07-29 04:26:01'),
(925, 286, 44, '2015-07-29 04:17:01', '2015-07-29 04:27:01'),
(926, 73, 541, '2015-07-29 04:09:01', '2015-07-29 04:19:01'),
(927, 510, 38, '2015-07-29 04:25:02', '2015-07-29 04:35:02'),
(928, 65, 3, '2015-07-29 04:32:01', '2015-07-29 04:42:01'),
(929, 58, 254, '2015-07-29 04:21:01', '2015-07-29 04:31:01'),
(930, 538, 278, '2015-07-29 04:21:01', '2015-07-29 04:31:01'),
(931, 263, 36, '2015-07-29 04:23:01', '2015-07-29 04:33:01'),
(932, 33, 573, '2015-07-29 04:26:02', '2015-07-29 04:36:02'),
(933, 77, 12, '2015-07-29 04:28:01', '2015-07-29 04:38:01'),
(934, 532, 548, '2015-07-29 04:31:01', '2015-07-29 04:41:01'),
(935, 77, 38, '2015-07-29 04:32:01', '2015-07-29 04:42:01'),
(936, 540, 1, '2015-07-29 04:37:01', '2015-07-29 04:47:01'),
(937, 567, 74, '2015-07-29 04:32:01', '2015-07-29 04:42:01'),
(938, 541, 81, '2015-07-29 04:50:01', '2015-07-29 05:00:01'),
(939, 278, 1, '2015-07-29 04:41:01', '2015-07-29 04:51:01'),
(940, 16, 299, '2015-07-29 04:39:01', '2015-07-29 04:49:01'),
(941, 73, 66, '2015-07-29 04:47:01', '2015-07-29 04:57:01'),
(942, 46, 17, '2015-07-29 04:47:01', '2015-07-29 04:57:01'),
(943, 9, 87, '2015-07-29 04:49:01', '2015-07-29 04:59:01'),
(944, 91, 263, '2015-07-29 04:59:01', '2015-07-29 05:09:01'),
(945, 532, 81, '2015-07-29 04:45:01', '2015-07-29 04:55:01'),
(946, 46, 286, '2015-07-29 05:03:01', '2015-07-29 05:13:01'),
(947, 518, 26, '2015-07-29 04:53:01', '2015-07-29 05:03:01'),
(948, 545, 522, '2015-07-29 05:04:01', '2015-07-29 05:14:01'),
(949, 541, 526, '2015-07-29 04:55:01', '2015-07-29 05:05:01'),
(950, 36, 13, '2015-07-29 05:07:01', '2015-07-29 05:17:01'),
(951, 17, 94, '2015-07-29 04:57:01', '2015-07-29 05:07:01'),
(952, 528, 31, '2015-07-29 04:56:01', '2015-07-29 05:06:01'),
(953, 520, 7, '2015-07-29 05:19:01', '2015-07-29 05:29:01'),
(954, 18, 64, '2015-07-29 05:24:01', '2015-07-29 05:34:01'),
(955, 545, 267, '2015-07-29 05:17:01', '2015-07-29 05:27:01'),
(956, 511, 57, '2015-07-29 05:09:01', '2015-07-29 05:19:01'),
(957, 522, 557, '2015-07-29 05:07:01', '2015-07-29 05:17:01'),
(958, 523, 62, '2015-07-29 05:35:01', '2015-07-29 05:45:01'),
(959, 558, 31, '2015-07-29 05:20:01', '2015-07-29 05:30:01'),
(960, 536, 354, '2015-07-29 05:15:01', '2015-07-29 05:25:01'),
(961, 11, 516, '2015-07-29 05:32:01', '2015-07-29 05:42:01'),
(962, 92, 80, '2015-07-29 05:31:01', '2015-07-29 05:41:01'),
(963, 526, 522, '2015-07-29 05:29:01', '2015-07-29 05:39:01'),
(964, 79, 595, '2015-07-29 05:32:01', '2015-07-29 05:42:01'),
(965, 563, 522, '2015-07-29 05:37:01', '2015-07-29 05:47:01'),
(966, 77, 94, '2015-07-29 05:40:01', '2015-07-29 05:50:01'),
(967, 16, 519, '2015-07-29 05:40:01', '2015-07-29 05:50:01'),
(968, 520, 524, '2015-07-29 05:47:01', '2015-07-29 05:57:01'),
(969, 529, 1045, '2015-07-29 05:40:01', '2015-07-29 05:50:01'),
(970, 64, 12, '2015-07-29 05:47:01', '2015-07-29 05:57:01'),
(971, 254, 295, '2015-07-29 05:46:01', '2015-07-29 05:56:01'),
(972, 558, 514, '2015-07-29 05:45:01', '2015-07-29 05:55:01'),
(973, 18, 254, '2015-07-29 05:54:01', '2015-07-29 06:04:01'),
(974, 299, 64, '2015-07-29 05:55:02', '2015-07-29 06:05:02'),
(975, 83, 517, '2015-07-29 05:56:02', '2015-07-29 06:06:02'),
(976, 531, 544, '2015-07-29 06:00:02', '2015-07-29 06:10:02'),
(977, 285, 346, '2015-07-29 06:02:02', '2015-07-29 06:12:02'),
(978, 80, 28, '2015-07-29 06:08:01', '2015-07-29 06:18:01'),
(979, 82, 7, '2015-07-29 05:59:01', '2015-07-29 06:09:01'),
(980, 286, 70, '2015-07-29 06:02:01', '2015-07-29 06:12:01'),
(981, 4, 567, '2015-07-29 05:58:01', '2015-07-29 06:08:01'),
(982, 524, 84, '2015-07-29 06:07:01', '2015-07-29 06:17:01'),
(983, 26, 536, '2015-07-29 06:11:01', '2015-07-29 06:21:01'),
(984, 79, 72, '2015-07-29 06:17:01', '2015-07-29 06:27:01'),
(985, 32, 520, '2015-07-29 06:17:01', '2015-07-29 06:27:01'),
(986, 81, 12, '2015-07-29 06:06:01', '2015-07-29 06:16:01'),
(987, 557, 13, '2015-07-29 06:13:01', '2015-07-29 06:23:01'),
(988, 79, 9, '2015-07-29 06:24:01', '2015-07-29 06:34:01'),
(989, 46, 36, '2015-07-29 06:24:01', '2015-07-29 06:34:01'),
(990, 522, 11, '2015-07-29 06:26:01', '2015-07-29 06:36:01'),
(991, 16, 528, '2015-07-29 06:27:01', '2015-07-29 06:37:01'),
(992, 596, 531, '2015-07-29 06:17:01', '2015-07-29 06:27:01'),
(993, 10, 20, '2015-07-29 06:34:02', '2015-07-29 06:44:02'),
(994, 538, 5, '2015-07-29 06:36:02', '2015-07-29 06:46:02'),
(995, 285, 299, '2015-07-29 06:36:02', '2015-07-29 06:46:02'),
(996, 26, 548, '2015-07-29 06:37:02', '2015-07-29 06:47:02'),
(997, 546, 536, '2015-07-29 06:36:02', '2015-07-29 06:46:02'),
(998, 9, 250, '2015-07-29 06:36:01', '2015-07-29 06:46:01'),
(999, 12, 558, '2015-07-29 06:35:01', '2015-07-29 06:45:01'),
(1000, 285, 526, '2015-07-29 06:49:01', '2015-07-29 06:59:01'),
(1001, 596, 91, '2015-07-29 06:46:01', '2015-07-29 06:56:01'),
(1002, 278, 4, '2015-07-29 06:54:01', '2015-07-29 07:04:01'),
(1003, 3, 44, '2015-07-29 07:00:02', '2015-07-29 07:10:02'),
(1004, 16, 250, '2015-07-29 07:04:02', '2015-07-29 07:14:02'),
(1005, 527, 567, '2015-07-29 06:46:02', '2015-07-29 06:56:02'),
(1006, 1046, 95, '2015-07-29 07:04:02', '2015-07-29 07:14:02'),
(1007, 91, 68, '2015-07-29 06:57:02', '2015-07-29 07:07:02'),
(1008, 517, 286, '2015-07-29 07:06:02', '2015-07-29 07:16:02'),
(1009, 546, 517, '2015-07-29 07:04:02', '2015-07-29 07:14:02'),
(1010, 1044, 527, '2015-07-29 06:57:02', '2015-07-29 07:07:02'),
(1011, 1046, 58, '2015-07-29 07:11:02', '2015-07-29 07:21:02'),
(1012, 14, 250, '2015-07-29 07:06:02', '2015-07-29 07:16:02'),
(1013, 1, 77, '2015-07-29 07:23:02', '2015-07-29 07:33:02'),
(1014, 17, 3, '2015-07-29 07:22:02', '2015-07-29 07:32:02'),
(1015, 519, 61, '2015-07-29 07:20:02', '2015-07-29 07:30:02'),
(1016, 521, 263, '2015-07-29 07:24:02', '2015-07-29 07:34:02'),
(1017, 545, 557, '2015-07-29 07:22:02', '2015-07-29 07:32:02'),
(1018, 511, 58, '2015-07-29 07:27:02', '2015-07-29 07:37:02'),
(1019, 340, 560, '2015-07-29 07:31:02', '2015-07-29 07:41:02'),
(1020, 73, 286, '2015-07-29 07:21:02', '2015-07-29 07:31:02'),
(1021, 81, 513, '2015-07-29 07:27:02', '2015-07-29 07:37:02'),
(1022, 31, 1044, '2015-07-29 07:32:02', '2015-07-29 07:42:02'),
(1023, 55, 61, '2015-07-29 07:45:01', '2015-07-29 07:55:01'),
(1024, 2, 567, '2015-07-29 07:41:01', '2015-07-29 07:51:01'),
(1025, 299, 538, '2015-07-29 07:38:01', '2015-07-29 07:48:01'),
(1026, 510, 36, '2015-07-29 07:30:01', '2015-07-29 07:40:01'),
(1027, 295, 28, '2015-07-29 07:30:02', '2015-07-29 07:40:02'),
(1028, 9, 6, '2015-07-29 07:42:02', '2015-07-29 07:52:02'),
(1029, 84, 19, '2015-07-29 07:44:02', '2015-07-29 07:54:02'),
(1030, 67, 95, '2015-07-29 07:42:02', '2015-07-29 07:52:02'),
(1031, 1044, 9, '2015-07-29 07:39:02', '2015-07-29 07:49:02'),
(1032, 532, 744, '2015-07-29 07:49:02', '2015-07-29 07:59:02'),
(1033, 512, 516, '2015-07-29 07:48:01', '2015-07-29 07:58:01'),
(1034, 96, 10, '2015-07-29 07:56:01', '2015-07-29 08:06:01'),
(1035, 556, 555, '2015-07-29 07:53:01', '2015-07-29 08:03:01'),
(1036, 595, 338, '2015-07-29 07:48:01', '2015-07-29 07:58:01'),
(1037, 524, 275, '2015-07-29 07:50:01', '2015-07-29 08:00:01'),
(1038, 77, 536, '2015-07-29 08:02:01', '2015-07-29 08:12:01'),
(1039, 19, 525, '2015-07-29 08:04:01', '2015-07-29 08:14:01'),
(1040, 523, 9, '2015-07-29 07:56:01', '2015-07-29 08:06:01'),
(1041, 15, 519, '2015-07-29 08:03:01', '2015-07-29 08:13:01'),
(1042, 529, 12, '2015-07-29 08:11:01', '2015-07-29 08:21:01'),
(1043, 58, 44, '2015-07-29 08:10:02', '2015-07-29 08:20:02'),
(1044, 533, 7, '2015-07-29 08:12:02', '2015-07-29 08:22:02'),
(1045, 30, 559, '2015-07-29 08:21:02', '2015-07-29 08:31:02'),
(1046, 524, 24, '2015-07-29 08:18:02', '2015-07-29 08:28:02'),
(1047, 721, 548, '2015-07-29 08:20:02', '2015-07-29 08:30:02'),
(1048, 6, 31, '2015-07-29 08:31:01', '2015-07-29 08:41:01'),
(1049, 12, 518, '2015-07-29 08:17:01', '2015-07-29 08:27:01'),
(1050, 62, 338, '2015-07-29 08:30:01', '2015-07-29 08:40:01'),
(1051, 1048, 510, '2015-07-29 08:17:01', '2015-07-29 08:27:01'),
(1052, 67, 64, '2015-07-29 08:33:01', '2015-07-29 08:43:01'),
(1053, 544, 523, '2015-07-29 08:42:02', '2015-07-29 08:52:02'),
(1054, 567, 32, '2015-07-29 08:37:02', '2015-07-29 08:47:02'),
(1055, 65, 540, '2015-07-29 08:30:02', '2015-07-29 08:40:02'),
(1056, 555, 17, '2015-07-29 08:26:02', '2015-07-29 08:36:02'),
(1057, 26, 541, '2015-07-29 08:25:02', '2015-07-29 08:35:02'),
(1058, 31, 2, '2015-07-29 08:36:01', '2015-07-29 08:46:01'),
(1059, 254, 70, '2015-07-29 08:52:01', '2015-07-29 09:02:01'),
(1060, 275, 3, '2015-07-29 08:40:01', '2015-07-29 08:50:01'),
(1061, 28, 70, '2015-07-29 08:50:01', '2015-07-29 09:00:01'),
(1062, 68, 38, '2015-07-29 08:45:01', '2015-07-29 08:55:01'),
(1063, 11, 254, '2015-07-29 08:55:01', '2015-07-29 09:05:01'),
(1064, 2, 61, '2015-07-29 09:05:01', '2015-07-29 09:15:01'),
(1065, 557, 540, '2015-07-29 09:04:01', '2015-07-29 09:14:01'),
(1066, 1046, 744, '2015-07-29 08:52:01', '2015-07-29 09:02:01'),
(1067, 16, 1, '2015-07-29 08:53:01', '2015-07-29 09:03:01'),
(1068, 61, 72, '2015-07-29 09:08:01', '2015-07-29 09:18:01'),
(1069, 70, 28, '2015-07-29 09:01:01', '2015-07-29 09:11:01'),
(1070, 29, 28, '2015-07-29 09:12:01', '2015-07-29 09:22:01'),
(1071, 65, 82, '2015-07-29 09:08:01', '2015-07-29 09:18:01'),
(1072, 298, 558, '2015-07-29 08:58:02', '2015-07-29 09:08:02'),
(1073, 267, 70, '2015-07-29 09:12:01', '2015-07-29 09:22:01'),
(1074, 512, 64, '2015-07-29 09:15:01', '2015-07-29 09:25:01'),
(1075, 68, 18, '2015-07-29 09:14:01', '2015-07-29 09:24:01'),
(1076, 28, 4, '2015-07-29 09:05:01', '2015-07-29 09:15:01'),
(1077, 62, 515, '2015-07-29 09:12:01', '2015-07-29 09:22:01'),
(1078, 1044, 92, '2015-07-29 09:16:01', '2015-07-29 09:26:01'),
(1079, 64, 250, '2015-07-29 09:32:01', '2015-07-29 09:42:01'),
(1080, 38, 745, '2015-07-29 09:27:01', '2015-07-29 09:37:01'),
(1081, 519, 1045, '2015-07-29 09:15:02', '2015-07-29 09:25:02'),
(1082, 65, 541, '2015-07-29 09:22:02', '2015-07-29 09:32:02'),
(1083, 92, 16, '2015-07-29 09:32:02', '2015-07-29 09:42:02'),
(1084, 595, 745, '2015-07-29 09:39:02', '2015-07-29 09:49:02'),
(1085, 544, 516, '2015-07-29 09:28:02', '2015-07-29 09:38:02'),
(1086, 26, 29, '2015-07-29 09:33:02', '2015-07-29 09:43:02'),
(1087, 20, 521, '2015-07-29 09:34:02', '2015-07-29 09:44:02'),
(1088, 511, 65, '2015-07-29 09:40:01', '2015-07-29 09:50:01'),
(1089, 541, 78, '2015-07-29 09:44:01', '2015-07-29 09:54:01'),
(1090, 7, 73, '2015-07-29 09:42:02', '2015-07-29 09:52:02'),
(1091, 81, 513, '2015-07-29 09:43:02', '2015-07-29 09:53:02'),
(1092, 299, 275, '2015-07-29 09:41:02', '2015-07-29 09:51:02'),
(1093, 744, 11, '2015-07-29 10:05:01', '2015-07-29 10:15:01'),
(1094, 299, 526, '2015-07-29 09:57:02', '2015-07-29 10:07:02'),
(1095, 304, 514, '2015-07-29 10:03:02', '2015-07-29 10:13:02'),
(1096, 548, 46, '2015-07-29 09:49:02', '2015-07-29 09:59:02'),
(1097, 567, 560, '2015-07-29 09:46:02', '2015-07-29 09:56:02'),
(1098, 8, 267, '2015-07-29 10:09:01', '2015-07-29 10:19:01'),
(1099, 529, 286, '2015-07-29 09:58:01', '2015-07-29 10:08:01'),
(1100, 64, 33, '2015-07-29 10:12:01', '2015-07-29 10:22:01'),
(1101, 544, 82, '2015-07-29 10:00:01', '2015-07-29 10:10:01'),
(1102, 560, 528, '2015-07-29 10:14:01', '2015-07-29 10:24:01'),
(1103, 304, 540, '2015-07-29 10:11:01', '2015-07-29 10:21:01'),
(1104, 538, 278, '2015-07-29 10:21:01', '2015-07-29 10:31:01'),
(1105, 338, 20, '2015-07-29 10:18:01', '2015-07-29 10:28:01'),
(1106, 1045, 91, '2015-07-29 10:16:01', '2015-07-29 10:26:01'),
(1107, 744, 26, '2015-07-29 10:20:01', '2015-07-29 10:30:01'),
(1108, 512, 1046, '2015-07-29 10:17:01', '2015-07-29 10:27:01'),
(1109, 31, 513, '2015-07-29 10:34:01', '2015-07-29 10:44:01'),
(1110, 519, 531, '2015-07-29 10:33:02', '2015-07-29 10:43:02'),
(1111, 44, 1, '2015-07-29 10:31:02', '2015-07-29 10:41:02'),
(1112, 573, 62, '2015-07-29 10:28:02', '2015-07-29 10:38:02'),
(1113, 745, 518, '2015-07-29 10:26:01', '2015-07-29 10:36:01'),
(1114, 528, 1048, '2015-07-29 10:40:01', '2015-07-29 10:50:01'),
(1115, 304, 19, '2015-07-29 10:41:02', '2015-07-29 10:51:02'),
(1116, 538, 79, '2015-07-29 10:30:02', '2015-07-29 10:40:02'),
(1117, 68, 278, '2015-07-29 10:42:02', '2015-07-29 10:52:02'),
(1118, 521, 90, '2015-07-29 10:53:02', '2015-07-29 11:03:02'),
(1119, 82, 515, '2015-07-29 10:36:02', '2015-07-29 10:46:02'),
(1120, 533, 38, '2015-07-29 10:54:02', '2015-07-29 11:04:02'),
(1121, 26, 94, '2015-07-29 10:43:02', '2015-07-29 10:53:02'),
(1122, 1046, 520, '2015-07-29 10:41:02', '2015-07-29 10:51:02'),
(1123, 33, 299, '2015-07-29 10:51:01', '2015-07-29 11:01:01'),
(1124, 87, 538, '2015-07-29 10:58:01', '2015-07-29 11:08:01'),
(1125, 267, 88, '2015-07-29 10:58:01', '2015-07-29 11:08:01'),
(1126, 81, 71, '2015-07-29 11:00:01', '2015-07-29 11:10:01'),
(1127, 78, 524, '2015-07-29 11:01:01', '2015-07-29 11:11:01'),
(1128, 543, 64, '2015-07-29 11:06:01', '2015-07-29 11:16:01'),
(1129, 563, 1044, '2015-07-29 10:55:01', '2015-07-29 11:05:01'),
(1130, 525, 1048, '2015-07-29 11:01:01', '2015-07-29 11:11:01'),
(1131, 528, 31, '2015-07-29 11:01:01', '2015-07-29 11:11:01'),
(1132, 516, 299, '2015-07-29 11:02:01', '2015-07-29 11:12:01'),
(1133, 79, 545, '2015-07-29 11:08:01', '2015-07-29 11:18:01'),
(1134, 544, 254, '2015-07-29 11:12:02', '2015-07-29 11:22:02'),
(1135, 78, 510, '2015-07-29 11:10:02', '2015-07-29 11:20:02'),
(1136, 20, 90, '2015-07-29 11:16:02', '2015-07-29 11:26:02'),
(1137, 511, 6, '2015-07-29 11:10:02', '2015-07-29 11:20:02'),
(1138, 346, 21, '2015-07-29 11:29:01', '2015-07-29 11:39:01'),
(1139, 2, 559, '2015-07-29 11:30:01', '2015-07-29 11:40:01'),
(1140, 545, 84, '2015-07-29 11:15:01', '2015-07-29 11:25:01'),
(1141, 70, 6, '2015-07-29 11:21:01', '2015-07-29 11:31:01'),
(1142, 1042, 516, '2015-07-29 11:24:01', '2015-07-29 11:34:01'),
(1143, 516, 29, '2015-07-29 11:44:01', '2015-07-29 11:54:01'),
(1144, 46, 30, '2015-07-29 11:39:01', '2015-07-29 11:49:01'),
(1145, 96, 8, '2015-07-29 11:41:01', '2015-07-29 11:51:01'),
(1146, 275, 24, '2015-07-29 11:27:01', '2015-07-29 11:37:01'),
(1147, 58, 57, '2015-07-29 11:42:01', '2015-07-29 11:52:01'),
(1148, 525, 4, '2015-07-29 11:48:01', '2015-07-29 11:58:01'),
(1149, 11, 538, '2015-07-29 11:55:01', '2015-07-29 12:05:01'),
(1150, 12, 354, '2015-07-29 11:47:01', '2015-07-29 11:57:01'),
(1151, 560, 61, '2015-07-29 11:38:01', '2015-07-29 11:48:01'),
(1152, 523, 557, '2015-07-29 11:47:01', '2015-07-29 11:57:01'),
(1153, 1, 1048, '2015-07-29 12:00:01', '2015-07-29 12:10:01'),
(1154, 11, 299, '2015-07-29 11:55:01', '2015-07-29 12:05:01'),
(1155, 346, 61, '2015-07-29 11:53:01', '2015-07-29 12:03:01'),
(1156, 512, 8, '2015-07-29 12:02:01', '2015-07-29 12:12:01'),
(1157, 745, 46, '2015-07-29 12:00:01', '2015-07-29 12:10:01'),
(1158, 744, 527, '2015-07-29 12:11:02', '2015-07-29 12:21:02'),
(1159, 32, 18, '2015-07-29 12:01:02', '2015-07-29 12:11:02'),
(1160, 95, 30, '2015-07-29 11:59:02', '2015-07-29 12:09:02'),
(1161, 520, 31, '2015-07-29 11:57:02', '2015-07-29 12:07:02'),
(1162, 548, 560, '2015-07-29 12:12:02', '2015-07-29 12:22:02'),
(1163, 30, 26, '2015-07-29 12:13:01', '2015-07-29 12:23:01'),
(1164, 95, 295, '2015-07-29 12:07:01', '2015-07-29 12:17:01'),
(1165, 68, 86, '2015-07-29 12:11:01', '2015-07-29 12:21:01'),
(1166, 533, 21, '2015-07-29 12:07:01', '2015-07-29 12:17:01'),
(1167, 67, 62, '2015-07-29 12:17:01', '2015-07-29 12:27:01'),
(1168, 299, 1045, '2015-07-29 12:20:01', '2015-07-29 12:30:01'),
(1169, 518, 36, '2015-07-29 12:16:01', '2015-07-29 12:26:01'),
(1170, 533, 21, '2015-07-29 12:22:01', '2015-07-29 12:32:01'),
(1171, 25, 556, '2015-07-29 12:18:01', '2015-07-29 12:28:01'),
(1172, 521, 556, '2015-07-29 12:34:01', '2015-07-29 12:44:01'),
(1173, 13, 721, '2015-07-29 12:41:02', '2015-07-29 12:51:02'),
(1174, 11, 254, '2015-07-29 12:41:02', '2015-07-29 12:51:02'),
(1175, 267, 29, '2015-07-29 12:37:02', '2015-07-29 12:47:02'),
(1176, 18, 745, '2015-07-29 12:41:02', '2015-07-29 12:51:02'),
(1177, 512, 57, '2015-07-29 12:37:02', '2015-07-29 12:47:02'),
(1178, 531, 72, '2015-07-29 12:42:01', '2015-07-29 12:52:01'),
(1179, 92, 518, '2015-07-29 12:51:01', '2015-07-29 13:01:01'),
(1180, 62, 340, '2015-07-29 12:41:01', '2015-07-29 12:51:01'),
(1181, 547, 46, '2015-07-29 12:39:01', '2015-07-29 12:49:01'),
(1182, 518, 46, '2015-07-29 12:43:01', '2015-07-29 12:53:01'),
(1183, 260, 547, '2015-07-29 13:04:01', '2015-07-29 13:14:01'),
(1184, 527, 263, '2015-07-29 12:57:01', '2015-07-29 13:07:01'),
(1185, 88, 299, '2015-07-29 12:56:01', '2015-07-29 13:06:01'),
(1186, 285, 526, '2015-07-29 12:53:01', '2015-07-29 13:03:01'),
(1187, 90, 531, '2015-07-29 12:57:01', '2015-07-29 13:07:01'),
(1188, 17, 94, '2015-07-29 13:04:01', '2015-07-29 13:14:01'),
(1189, 32, 285, '2015-07-29 13:09:02', '2015-07-29 13:19:02'),
(1190, 71, 96, '2015-07-29 13:15:02', '2015-07-29 13:25:02'),
(1191, 36, 520, '2015-07-29 12:57:02', '2015-07-29 13:07:02'),
(1192, 263, 12, '2015-07-29 12:57:02', '2015-07-29 13:07:02'),
(1193, 84, 521, '2015-07-29 13:23:01', '2015-07-29 13:33:01'),
(1194, 24, 524, '2015-07-29 13:20:01', '2015-07-29 13:30:01'),
(1195, 71, 286, '2015-07-29 13:16:01', '2015-07-29 13:26:01'),
(1196, 14, 1042, '2015-07-29 13:16:01', '2015-07-29 13:26:01'),
(1197, 721, 66, '2015-07-29 13:18:02', '2015-07-29 13:28:02'),
(1198, 1046, 536, '2015-07-29 13:17:01', '2015-07-29 13:27:01'),
(1199, 84, 38, '2015-07-29 13:28:01', '2015-07-29 13:38:01'),
(1200, 87, 86, '2015-07-29 13:16:01', '2015-07-29 13:26:01'),
(1201, 525, 275, '2015-07-29 13:27:01', '2015-07-29 13:37:01'),
(1202, 340, 556, '2015-07-29 13:35:02', '2015-07-29 13:45:02'),
(1203, 528, 64, '2015-07-29 13:41:01', '2015-07-29 13:51:01'),
(1204, 544, 511, '2015-07-29 13:39:01', '2015-07-29 13:49:01'),
(1205, 46, 61, '2015-07-29 13:45:01', '2015-07-29 13:55:01'),
(1206, 1045, 68, '2015-07-29 13:44:01', '2015-07-29 13:54:01'),
(1207, 275, 62, '2015-07-29 13:43:02', '2015-07-29 13:53:02'),
(1208, 58, 544, '2015-07-29 13:37:01', '2015-07-29 13:47:01'),
(1209, 254, 67, '2015-07-29 13:52:01', '2015-07-29 14:02:01'),
(1210, 532, 556, '2015-07-29 13:51:01', '2015-07-29 14:01:01'),
(1211, 250, 31, '2015-07-29 13:47:01', '2015-07-29 13:57:01'),
(1212, 512, 94, '2015-07-29 13:46:01', '2015-07-29 13:56:01'),
(1213, 721, 538, '2015-07-29 13:52:01', '2015-07-29 14:02:01'),
(1214, 354, 21, '2015-07-29 13:48:01', '2015-07-29 13:58:01'),
(1215, 527, 1048, '2015-07-29 13:55:01', '2015-07-29 14:05:01'),
(1216, 354, 17, '2015-07-29 13:55:01', '2015-07-29 14:05:01'),
(1217, 96, 298, '2015-07-29 13:45:01', '2015-07-29 13:55:01'),
(1218, 61, 267, '2015-07-29 13:55:02', '2015-07-29 14:05:02'),
(1219, 567, 527, '2015-07-29 14:12:02', '2015-07-29 14:22:02'),
(1220, 524, 519, '2015-07-29 14:04:02', '2015-07-29 14:14:02'),
(1221, 546, 304, '2015-07-29 14:03:02', '2015-07-29 14:13:02'),
(1222, 13, 95, '2015-07-29 14:10:02', '2015-07-29 14:20:02'),
(1223, 95, 16, '2015-07-29 14:05:01', '2015-07-29 14:15:01'),
(1224, 88, 523, '2015-07-29 14:16:02', '2015-07-29 14:26:02'),
(1225, 17, 3, '2015-07-29 14:22:02', '2015-07-29 14:32:02'),
(1226, 1, 80, '2015-07-29 14:25:02', '2015-07-29 14:35:02'),
(1227, 18, 46, '2015-07-29 14:07:02', '2015-07-29 14:17:02'),
(1228, 263, 298, '2015-07-29 14:20:02', '2015-07-29 14:30:02'),
(1229, 30, 90, '2015-07-29 14:26:02', '2015-07-29 14:36:02'),
(1230, 541, 29, '2015-07-29 14:27:02', '2015-07-29 14:37:02'),
(1231, 563, 61, '2015-07-29 14:34:02', '2015-07-29 14:44:02'),
(1232, 538, 567, '2015-07-29 14:18:02', '2015-07-29 14:28:02'),
(1233, 11, 338, '2015-07-29 14:38:01', '2015-07-29 14:48:01'),
(1234, 6, 533, '2015-07-29 14:33:01', '2015-07-29 14:43:01'),
(1235, 15, 555, '2015-07-29 14:41:01', '2015-07-29 14:51:01'),
(1236, 536, 544, '2015-07-29 14:43:01', '2015-07-29 14:53:01'),
(1237, 275, 2, '2015-07-29 14:43:02', '2015-07-29 14:53:02');

-- --------------------------------------------------------

--
-- Table structure for table `MatchProgress`
--

CREATE TABLE IF NOT EXISTS `MatchProgress` (
  `team_id` int(11) NOT NULL,
  `match_id` int(11) NOT NULL,
  `goals` int(11) NOT NULL DEFAULT '0',
  `yellow_cards` int(11) NOT NULL DEFAULT '0',
  `red_cards` int(11) NOT NULL DEFAULT '0',
  `defenses` int(11) NOT NULL DEFAULT '0',
  PRIMARY KEY (`team_id`,`match_id`),
  KEY `MatchProgress_ibfk_2` (`match_id`)
) ENGINE=InnoDB DEFAULT CHARSET=utf8;

--
-- Dumping data for table `MatchProgress`
--

INSERT INTO `MatchProgress` (`team_id`, `match_id`, `goals`, `yellow_cards`, `red_cards`, `defenses`) VALUES
(1, 936, 4, 4, 2, 3),
(1, 939, 6, 3, 6, 4),
(1, 1013, 5, 4, 4, 5),
(1, 1067, 7, 7, 4, 4),
(1, 1111, 6, 6, 6, 4),
(1, 1153, 6, 5, 5, 6),
(1, 1226, 0, 0, 0, 0),
(2, 882, 0, 0, 0, 0),
(2, 898, 0, 0, 0, 0),
(2, 1024, 6, 4, 4, 2),
(2, 1058, 6, 4, 4, 3),
(2, 1064, 7, 6, 4, 5),
(2, 1139, 2, 6, 6, 6),
(2, 1237, 0, 0, 0, 0),
(3, 928, 5, 6, 8, 6),
(3, 1003, 4, 2, 4, 3),
(3, 1014, 7, 8, 5, 6),
(3, 1060, 1, 4, 4, 6),
(3, 1225, 0, 0, 0, 0),
(4, 981, 7, 5, 5, 5),
(4, 1002, 4, 6, 3, 5),
(4, 1076, 4, 7, 5, 3),
(4, 1148, 7, 7, 5, 4),
(5, 906, 0, 0, 0, 0),
(5, 994, 4, 5, 3, 3),
(6, 882, 0, 0, 0, 0),
(6, 889, 0, 0, 0, 0),
(6, 1028, 4, 5, 4, 6),
(6, 1048, 8, 3, 8, 4),
(6, 1137, 4, 4, 4, 6),
(6, 1141, 5, 5, 7, 3),
(6, 1234, 0, 0, 0, 0),
(7, 911, 0, 0, 0, 0),
(7, 953, 2, 3, 6, 3),
(7, 979, 6, 5, 6, 7),
(7, 1044, 5, 7, 7, 6),
(7, 1090, 6, 3, 5, 6),
(8, 1098, 2, 5, 5, 3),
(8, 1145, 7, 5, 3, 5),
(8, 1156, 7, 8, 6, 5),
(9, 943, 2, 5, 4, 4),
(9, 988, 7, 7, 4, 7),
(9, 998, 3, 6, 6, 7),
(9, 1028, 4, 4, 6, 3),
(9, 1031, 6, 7, 4, 5),
(9, 1040, 5, 5, 7, 5),
(10, 919, 7, 8, 9, 10),
(10, 993, 4, 5, 7, 5),
(10, 1034, 5, 7, 3, 4),
(11, 894, 0, 0, 0, 0),
(11, 961, 4, 6, 6, 3),
(11, 990, 7, 4, 8, 5),
(11, 1063, 8, 6, 5, 6),
(11, 1093, 3, 7, 5, 8),
(11, 1149, 5, 4, 3, 6),
(11, 1154, 3, 1, 3, 3),
(11, 1174, 4, 9, 6, 5),
(11, 1233, 0, 0, 0, 0),
(12, 933, 6, 5, 4, 2),
(12, 970, 6, 7, 1, 4),
(12, 986, 5, 3, 3, 4),
(12, 999, 5, 4, 5, 3),
(12, 1042, 3, 6, 8, 5),
(12, 1049, 3, 5, 5, 7),
(12, 1150, 3, 6, 6, 2),
(12, 1192, 6, 7, 1, 4),
(13, 886, 0, 0, 0, 0),
(13, 950, 9, 6, 5, 4),
(13, 987, 6, 4, 6, 7),
(13, 1173, 7, 6, 5, 7),
(13, 1222, 6, 5, 4, 5),
(14, 1012, 4, 7, 9, 4),
(14, 1196, 4, 2, 7, 3),
(15, 885, 0, 0, 0, 0),
(15, 920, 4, 9, 6, 7),
(15, 1041, 5, 3, 5, 5),
(15, 1235, 0, 0, 0, 0),
(16, 907, 0, 0, 0, 0),
(16, 940, 5, 7, 4, 6),
(16, 967, 4, 8, 7, 5),
(16, 991, 5, 5, 4, 4),
(16, 1004, 3, 5, 3, 3),
(16, 1067, 5, 5, 4, 6),
(16, 1083, 8, 4, 5, 4),
(16, 1223, 5, 6, 5, 7),
(17, 942, 5, 4, 6, 4),
(17, 951, 6, 5, 4, 7),
(17, 1014, 7, 8, 4, 3),
(17, 1056, 4, 7, 5, 4),
(17, 1188, 6, 4, 7, 5),
(17, 1216, 9, 8, 6, 3),
(17, 1225, 0, 0, 0, 0),
(18, 916, 0, 0, 0, 0),
(18, 954, 4, 1, 6, 7),
(18, 973, 6, 5, 6, 4),
(18, 1075, 5, 6, 5, 5),
(18, 1159, 3, 7, 6, 5),
(18, 1176, 4, 4, 4, 6),
(18, 1227, 3, 6, 4, 2),
(19, 912, 0, 0, 0, 0),
(19, 1029, 5, 4, 7, 5),
(19, 1039, 5, 8, 5, 7),
(19, 1115, 4, 4, 3, 6),
(20, 914, 2, 1, 3, 2),
(20, 993, 4, 5, 7, 6),
(20, 1087, 3, 4, 5, 7),
(20, 1105, 5, 5, 4, 6),
(20, 1136, 3, 2, 7, 6),
(21, 1138, 5, 4, 8, 4),
(21, 1166, 5, 5, 5, 6),
(21, 1170, 7, 4, 6, 5),
(21, 1214, 6, 5, 4, 5),
(24, 919, 5, 6, 13, 9),
(24, 1046, 4, 4, 5, 6),
(24, 1146, 6, 2, 6, 5),
(24, 1194, 6, 7, 4, 6),
(25, 1171, 6, 5, 4, 5),
(26, 947, 3, 6, 4, 4),
(26, 983, 3, 4, 4, 8),
(26, 996, 4, 5, 8, 4),
(26, 1057, 7, 4, 8, 3),
(26, 1086, 6, 7, 2, 3),
(26, 1107, 5, 6, 5, 3),
(26, 1121, 4, 6, 1, 3),
(26, 1163, 4, 6, 1, 7),
(28, 901, 0, 0, 0, 0),
(28, 978, 4, 2, 2, 3),
(28, 1027, 3, 5, 4, 5),
(28, 1061, 3, 5, 8, 5),
(28, 1069, 6, 8, 6, 3),
(28, 1070, 5, 5, 6, 5),
(28, 1076, 6, 6, 2, 7),
(29, 891, 0, 0, 0, 0),
(29, 917, 0, 0, 0, 0),
(29, 1070, 5, 4, 5, 6),
(29, 1086, 5, 2, 4, 7),
(29, 1143, 7, 4, 4, 4),
(29, 1175, 4, 4, 5, 5),
(29, 1230, 0, 0, 0, 0),
(30, 889, 0, 0, 0, 0),
(30, 1045, 4, 7, 6, 5),
(30, 1144, 3, 5, 5, 7),
(30, 1160, 5, 5, 3, 6),
(30, 1163, 8, 6, 2, 4),
(30, 1229, 0, 0, 0, 0),
(31, 923, 11, 12, 7, 9),
(31, 952, 2, 7, 4, 5),
(31, 959, 6, 6, 4, 3),
(31, 1022, 5, 6, 6, 8),
(31, 1048, 5, 7, 5, 4),
(31, 1058, 7, 8, 5, 4),
(31, 1109, 6, 6, 3, 4),
(31, 1131, 5, 2, 3, 7),
(31, 1161, 6, 2, 7, 4),
(31, 1211, 5, 2, 2, 7),
(32, 985, 7, 3, 7, 6),
(32, 1054, 4, 3, 3, 5),
(32, 1159, 4, 8, 4, 7),
(32, 1189, 4, 6, 5, 5),
(33, 932, 7, 2, 4, 4),
(33, 1100, 7, 4, 4, 4),
(33, 1123, 3, 3, 6, 4),
(36, 881, 0, 0, 0, 0),
(36, 931, 8, 9, 4, 8),
(36, 950, 6, 7, 3, 8),
(36, 989, 5, 4, 5, 3),
(36, 1026, 7, 4, 3, 6),
(36, 1169, 6, 3, 2, 3),
(36, 1191, 5, 7, 5, 4),
(38, 888, 0, 0, 0, 0),
(38, 927, 6, 3, 7, 9),
(38, 935, 7, 6, 7, 4),
(38, 1062, 4, 3, 3, 5),
(38, 1080, 2, 5, 5, 5),
(38, 1120, 9, 2, 5, 3),
(38, 1199, 3, 9, 4, 4),
(44, 925, 9, 8, 11, 9),
(44, 1003, 5, 6, 5, 8),
(44, 1043, 5, 3, 5, 6),
(44, 1111, 7, 5, 8, 6),
(46, 894, 0, 0, 0, 0),
(46, 899, 0, 0, 0, 0),
(46, 942, 5, 4, 5, 5),
(46, 946, 4, 5, 3, 4),
(46, 989, 5, 6, 4, 3),
(46, 1096, 10, 4, 3, 4),
(46, 1144, 5, 6, 3, 5),
(46, 1157, 8, 6, 4, 9),
(46, 1181, 4, 6, 6, 6),
(46, 1182, 8, 6, 5, 3),
(46, 1205, 4, 4, 6, 7),
(46, 1227, 1, 4, 5, 4),
(55, 1023, 4, 4, 8, 6),
(57, 891, 0, 0, 0, 0),
(57, 956, 3, 7, 6, 4),
(57, 1147, 5, 6, 4, 4),
(57, 1177, 6, 7, 6, 2),
(58, 929, 5, 7, 6, 6),
(58, 1011, 3, 7, 4, 5),
(58, 1018, 6, 3, 5, 4),
(58, 1043, 4, 5, 4, 4),
(58, 1147, 5, 3, 7, 4),
(58, 1208, 6, 4, 5, 5),
(61, 892, 0, 0, 0, 0),
(61, 896, 0, 0, 0, 0),
(61, 904, 0, 0, 0, 0),
(61, 906, 0, 0, 0, 0),
(61, 1015, 6, 6, 7, 6),
(61, 1023, 5, 5, 5, 2),
(61, 1064, 6, 6, 4, 2),
(61, 1068, 7, 6, 5, 5),
(61, 1151, 5, 5, 5, 6),
(61, 1155, 6, 4, 3, 9),
(61, 1205, 6, 5, 4, 4),
(61, 1218, 7, 6, 6, 6),
(61, 1231, 0, 0, 0, 0),
(62, 958, 6, 2, 5, 7),
(62, 1050, 5, 6, 4, 8),
(62, 1077, 4, 5, 4, 4),
(62, 1112, 5, 5, 6, 5),
(62, 1167, 3, 8, 5, 3),
(62, 1180, 6, 6, 5, 5),
(62, 1207, 5, 1, 5, 4),
(64, 897, 0, 0, 0, 0),
(64, 954, 4, 5, 5, 7),
(64, 970, 4, 5, 4, 3),
(64, 974, 6, 6, 6, 5),
(64, 1052, 7, 5, 4, 3),
(64, 1074, 5, 6, 5, 6),
(64, 1079, 6, 5, 6, 5),
(64, 1100, 3, 7, 7, 8),
(64, 1128, 8, 7, 3, 4),
(64, 1203, 4, 5, 7, 6),
(65, 928, 6, 4, 5, 8),
(65, 1055, 5, 6, 5, 6),
(65, 1071, 3, 6, 3, 4),
(65, 1082, 3, 4, 3, 5),
(65, 1088, 5, 6, 5, 5),
(66, 911, 0, 0, 0, 0),
(66, 941, 5, 5, 5, 5),
(66, 1197, 4, 5, 5, 1),
(67, 1030, 6, 6, 5, 4),
(67, 1052, 5, 4, 4, 4),
(67, 1167, 4, 6, 6, 5),
(67, 1209, 4, 4, 4, 5),
(68, 1007, 7, 4, 4, 6),
(68, 1062, 6, 6, 5, 3),
(68, 1075, 3, 4, 6, 5),
(68, 1117, 7, 4, 6, 5),
(68, 1165, 8, 7, 7, 8),
(68, 1206, 7, 5, 2, 6),
(70, 980, 5, 6, 5, 5),
(70, 1059, 9, 5, 3, 2),
(70, 1061, 5, 2, 3, 3),
(70, 1069, 4, 4, 6, 4),
(70, 1073, 4, 8, 5, 3),
(70, 1141, 5, 3, 2, 7),
(71, 1126, 6, 3, 5, 4),
(71, 1190, 5, 5, 9, 7),
(71, 1195, 4, 6, 5, 6),
(72, 900, 0, 0, 0, 0),
(72, 924, 9, 11, 12, 10),
(72, 984, 6, 6, 3, 6),
(72, 1068, 3, 5, 7, 7),
(72, 1178, 4, 5, 5, 6),
(73, 926, 4, 9, 8, 7),
(73, 941, 4, 6, 4, 2),
(73, 1020, 3, 3, 4, 4),
(73, 1090, 6, 5, 0, 5),
(74, 895, 0, 0, 0, 0),
(74, 937, 5, 2, 6, 4),
(77, 933, 4, 6, 6, 4),
(77, 935, 3, 5, 4, 4),
(77, 966, 4, 4, 5, 6),
(77, 1013, 5, 7, 7, 3),
(77, 1038, 7, 7, 6, 3),
(78, 898, 0, 0, 0, 0),
(78, 1089, 4, 6, 5, 9),
(78, 1127, 7, 6, 4, 6),
(78, 1135, 5, 5, 5, 4),
(79, 912, 0, 0, 0, 0),
(79, 964, 5, 6, 4, 5),
(79, 984, 4, 2, 6, 5),
(79, 988, 5, 3, 7, 7),
(79, 1116, 4, 6, 6, 7),
(79, 1133, 7, 6, 4, 6),
(80, 902, 0, 0, 0, 0),
(80, 962, 3, 6, 4, 6),
(80, 978, 6, 8, 7, 5),
(80, 1226, 0, 0, 0, 0),
(81, 938, 7, 6, 6, 7),
(81, 945, 7, 9, 4, 5),
(81, 986, 4, 2, 8, 8),
(81, 1021, 6, 4, 3, 7),
(81, 1091, 6, 5, 7, 4),
(81, 1126, 6, 7, 7, 5),
(82, 979, 7, 5, 6, 5),
(82, 1071, 5, 4, 2, 4),
(82, 1101, 5, 3, 3, 6),
(82, 1119, 5, 4, 3, 5),
(83, 922, 9, 8, 9, 6),
(83, 975, 5, 4, 4, 2),
(84, 887, 0, 0, 0, 0),
(84, 982, 7, 6, 4, 6),
(84, 1029, 2, 6, 3, 6),
(84, 1140, 7, 5, 4, 5),
(84, 1193, 2, 6, 4, 3),
(84, 1199, 8, 6, 2, 7),
(86, 1165, 7, 4, 2, 6),
(86, 1200, 5, 7, 5, 3),
(87, 896, 0, 0, 0, 0),
(87, 943, 5, 5, 4, 6),
(87, 1124, 7, 3, 4, 6),
(87, 1200, 5, 3, 3, 6),
(88, 1125, 3, 4, 2, 6),
(88, 1185, 5, 5, 6, 2),
(88, 1224, 2, 3, 1, 4),
(90, 1118, 6, 6, 6, 5),
(90, 1136, 5, 7, 6, 8),
(90, 1187, 6, 6, 5, 5),
(90, 1229, 0, 0, 0, 0),
(91, 893, 0, 0, 0, 0),
(91, 944, 5, 5, 6, 3),
(91, 1001, 2, 5, 7, 5),
(91, 1007, 6, 3, 5, 6),
(91, 1106, 6, 10, 3, 6),
(92, 962, 2, 3, 5, 6),
(92, 1078, 5, 6, 5, 6),
(92, 1083, 6, 6, 5, 8),
(92, 1179, 6, 6, 5, 7),
(94, 951, 4, 3, 8, 3),
(94, 966, 4, 4, 8, 4),
(94, 1121, 4, 7, 6, 5),
(94, 1188, 5, 6, 5, 5),
(94, 1212, 5, 5, 6, 6),
(95, 1006, 1, 5, 6, 5),
(95, 1030, 2, 5, 5, 5),
(95, 1160, 5, 6, 1, 5),
(95, 1164, 3, 5, 4, 4),
(95, 1222, 6, 7, 6, 5),
(95, 1223, 7, 1, 6, 5),
(96, 1034, 7, 4, 6, 6),
(96, 1145, 6, 6, 6, 5),
(96, 1190, 5, 5, 5, 4),
(96, 1217, 5, 8, 3, 3),
(250, 998, 3, 3, 3, 4),
(250, 1004, 6, 3, 6, 6),
(250, 1012, 4, 6, 6, 6),
(250, 1079, 4, 5, 6, 6),
(250, 1211, 8, 6, 2, 4),
(254, 929, 4, 4, 5, 5),
(254, 971, 7, 6, 5, 6),
(254, 973, 4, 2, 5, 4),
(254, 1059, 3, 4, 7, 5),
(254, 1063, 4, 6, 3, 5),
(254, 1134, 4, 3, 7, 2),
(254, 1174, 5, 6, 3, 8),
(254, 1209, 6, 4, 5, 5),
(260, 1183, 5, 6, 4, 7),
(263, 931, 6, 6, 7, 6),
(263, 944, 5, 5, 5, 5),
(263, 1016, 3, 4, 6, 9),
(263, 1184, 7, 7, 6, 8),
(263, 1192, 5, 4, 4, 3),
(263, 1228, 0, 1, 0, 0),
(267, 899, 0, 0, 0, 0),
(267, 955, 3, 4, 8, 4),
(267, 1073, 4, 7, 4, 7),
(267, 1098, 6, 7, 4, 5),
(267, 1125, 6, 5, 4, 6),
(267, 1175, 6, 6, 6, 6),
(267, 1218, 6, 3, 7, 5),
(275, 1037, 5, 5, 7, 7),
(275, 1060, 5, 5, 5, 6),
(275, 1092, 6, 5, 5, 5),
(275, 1146, 5, 5, 6, 4),
(275, 1201, 7, 6, 6, 4),
(275, 1207, 5, 6, 4, 5),
(275, 1237, 0, 0, 0, 0),
(278, 930, 5, 7, 4, 3),
(278, 939, 7, 4, 6, 6),
(278, 1002, 4, 5, 5, 5),
(278, 1104, 2, 6, 5, 4),
(278, 1117, 6, 6, 4, 5),
(285, 977, 6, 5, 4, 2),
(285, 995, 6, 6, 5, 7),
(285, 1000, 3, 4, 4, 6),
(285, 1186, 5, 5, 4, 3),
(285, 1189, 6, 3, 4, 5),
(286, 913, 5, 2, 2, 2),
(286, 925, 7, 6, 9, 11),
(286, 946, 4, 2, 5, 5),
(286, 980, 6, 5, 6, 8),
(286, 1008, 4, 5, 6, 6),
(286, 1020, 5, 3, 4, 4),
(286, 1099, 5, 5, 6, 4),
(286, 1195, 6, 5, 5, 3),
(295, 880, 0, 0, 0, 0),
(295, 888, 0, 0, 0, 0),
(295, 971, 4, 5, 5, 5),
(295, 1027, 5, 6, 6, 6),
(295, 1164, 3, 6, 6, 6),
(298, 1072, 3, 4, 6, 6),
(298, 1217, 3, 3, 6, 7),
(298, 1228, 1, 1, 0, 1),
(299, 880, 0, 0, 0, 0),
(299, 890, 0, 0, 0, 0),
(299, 905, 0, 0, 0, 0),
(299, 940, 4, 2, 2, 2),
(299, 974, 5, 7, 6, 7),
(299, 995, 4, 5, 4, 5),
(299, 1025, 4, 4, 6, 5),
(299, 1092, 5, 7, 4, 6),
(299, 1094, 3, 5, 5, 6),
(299, 1123, 5, 4, 5, 4),
(299, 1132, 5, 5, 7, 5),
(299, 1154, 7, 6, 5, 5),
(299, 1168, 6, 7, 5, 5),
(299, 1185, 4, 6, 8, 4),
(304, 1095, 4, 7, 5, 8),
(304, 1103, 7, 5, 5, 6),
(304, 1115, 4, 6, 2, 3),
(304, 1221, 7, 5, 4, 7),
(338, 890, 0, 0, 0, 0),
(338, 900, 0, 0, 0, 0),
(338, 1036, 6, 6, 7, 6),
(338, 1050, 6, 6, 3, 7),
(338, 1105, 8, 5, 4, 6),
(338, 1233, 0, 0, 0, 0),
(340, 883, 0, 0, 0, 0),
(340, 1019, 6, 5, 5, 3),
(340, 1180, 8, 3, 5, 4),
(340, 1202, 6, 6, 7, 5),
(346, 922, 8, 6, 9, 6),
(346, 977, 5, 4, 3, 3),
(346, 1138, 4, 5, 2, 7),
(346, 1155, 5, 4, 5, 6),
(354, 893, 0, 0, 0, 0),
(354, 960, 3, 6, 6, 3),
(354, 1150, 8, 6, 6, 3),
(354, 1214, 5, 4, 4, 4),
(354, 1216, 5, 1, 1, 8),
(510, 903, 0, 0, 0, 0),
(510, 921, 0, 0, 0, 0),
(510, 927, 5, 7, 6, 5),
(510, 1026, 6, 5, 5, 6),
(510, 1051, 5, 5, 5, 3),
(510, 1135, 1, 5, 6, 4),
(511, 956, 3, 8, 8, 3),
(511, 1018, 5, 6, 5, 6),
(511, 1088, 8, 6, 0, 5),
(511, 1137, 3, 4, 7, 3),
(511, 1204, 6, 6, 5, 2),
(512, 1033, 3, 8, 5, 6),
(512, 1074, 4, 5, 4, 6),
(512, 1108, 3, 8, 4, 3),
(512, 1156, 6, 5, 5, 6),
(512, 1177, 4, 3, 4, 6),
(512, 1212, 5, 5, 3, 4),
(513, 905, 0, 0, 0, 0),
(513, 913, 5, 4, 5, 4),
(513, 1021, 1, 4, 5, 8),
(513, 1091, 7, 7, 4, 3),
(513, 1109, 5, 3, 6, 5),
(514, 884, 0, 0, 0, 0),
(514, 972, 3, 4, 6, 4),
(514, 1095, 5, 4, 4, 3),
(515, 915, 0, 0, 0, 0),
(515, 1077, 3, 10, 3, 5),
(515, 1119, 7, 5, 3, 8),
(516, 881, 0, 0, 0, 0),
(516, 914, 1, 2, 2, 2),
(516, 961, 2, 7, 4, 7),
(516, 1033, 4, 5, 5, 5),
(516, 1085, 4, 4, 6, 6),
(516, 1132, 4, 6, 7, 5),
(516, 1142, 3, 3, 6, 4),
(516, 1143, 4, 6, 3, 4),
(517, 918, 9, 7, 9, 7),
(517, 975, 6, 2, 3, 4),
(517, 1008, 4, 6, 3, 5),
(517, 1009, 6, 3, 3, 4),
(518, 947, 6, 3, 3, 5),
(518, 1049, 4, 6, 4, 4),
(518, 1113, 4, 8, 5, 6),
(518, 1169, 5, 6, 7, 5),
(518, 1179, 4, 3, 7, 4),
(518, 1182, 6, 4, 5, 5),
(519, 967, 7, 5, 4, 5),
(519, 1015, 7, 5, 6, 6),
(519, 1041, 6, 5, 7, 4),
(519, 1081, 3, 2, 7, 6),
(519, 1110, 4, 4, 5, 4),
(519, 1220, 3, 4, 4, 3),
(520, 953, 6, 5, 4, 4),
(520, 968, 6, 4, 4, 4),
(520, 985, 6, 2, 5, 5),
(520, 1122, 3, 3, 5, 3),
(520, 1161, 5, 5, 6, 4),
(520, 1191, 9, 3, 4, 7),
(521, 884, 0, 0, 0, 0),
(521, 1016, 6, 6, 3, 6),
(521, 1087, 6, 2, 5, 3),
(521, 1118, 7, 4, 7, 5),
(521, 1172, 7, 6, 4, 5),
(521, 1193, 5, 6, 4, 6),
(522, 907, 0, 0, 0, 0),
(522, 948, 6, 5, 6, 5),
(522, 957, 3, 3, 6, 4),
(522, 963, 5, 4, 5, 9),
(522, 965, 4, 5, 6, 5),
(522, 990, 6, 3, 4, 8),
(523, 903, 0, 0, 0, 0),
(523, 958, 5, 6, 4, 3),
(523, 1040, 4, 7, 5, 4),
(523, 1053, 4, 6, 8, 4),
(523, 1152, 3, 6, 5, 5),
(523, 1224, 1, 3, 1, 4),
(524, 968, 6, 4, 4, 5),
(524, 982, 4, 4, 9, 7),
(524, 1037, 6, 4, 3, 3),
(524, 1046, 4, 6, 4, 4),
(524, 1127, 3, 5, 4, 7),
(524, 1194, 7, 4, 2, 4),
(524, 1220, 7, 4, 5, 5),
(525, 1039, 3, 6, 3, 7),
(525, 1130, 5, 7, 7, 6),
(525, 1148, 5, 5, 4, 6),
(525, 1201, 2, 6, 4, 6),
(526, 910, 0, 0, 0, 0),
(526, 924, 7, 7, 7, 10),
(526, 949, 4, 2, 3, 4),
(526, 963, 7, 4, 8, 3),
(526, 1000, 5, 5, 6, 6),
(526, 1094, 8, 3, 3, 5),
(526, 1186, 1, 5, 4, 4),
(527, 897, 0, 0, 0, 0),
(527, 1005, 4, 2, 5, 5),
(527, 1010, 4, 4, 5, 2),
(527, 1158, 7, 7, 8, 4),
(527, 1184, 5, 3, 5, 2),
(527, 1215, 3, 4, 3, 5),
(527, 1219, 3, 6, 5, 6),
(528, 952, 3, 5, 5, 7),
(528, 991, 5, 6, 7, 6),
(528, 1102, 2, 5, 5, 7),
(528, 1114, 3, 5, 6, 6),
(528, 1131, 5, 1, 2, 4),
(528, 1203, 4, 4, 5, 7),
(529, 909, 0, 0, 0, 0),
(529, 969, 5, 3, 5, 7),
(529, 1042, 5, 4, 4, 5),
(529, 1099, 3, 5, 4, 5),
(531, 902, 0, 0, 0, 0),
(531, 976, 6, 5, 4, 5),
(531, 992, 4, 5, 4, 6),
(531, 1110, 4, 5, 6, 3),
(531, 1178, 6, 7, 3, 6),
(531, 1187, 5, 5, 8, 8),
(532, 934, 5, 8, 6, 2),
(532, 945, 5, 6, 7, 7),
(532, 1032, 6, 6, 8, 5),
(532, 1210, 4, 3, 2, 3),
(533, 1044, 7, 3, 5, 4),
(533, 1120, 5, 3, 6, 7),
(533, 1166, 5, 9, 4, 5),
(533, 1170, 7, 6, 5, 4),
(533, 1234, 0, 0, 0, 0),
(536, 908, 0, 0, 0, 0),
(536, 960, 3, 5, 5, 4),
(536, 983, 2, 4, 4, 7),
(536, 997, 4, 1, 8, 5),
(536, 1038, 5, 7, 5, 5),
(536, 1198, 8, 5, 5, 4),
(536, 1236, 0, 0, 0, 0),
(538, 930, 6, 8, 4, 7),
(538, 994, 7, 5, 3, 5),
(538, 1025, 4, 3, 5, 5),
(538, 1104, 7, 4, 8, 4),
(538, 1116, 6, 2, 8, 8),
(538, 1124, 7, 4, 4, 6),
(538, 1149, 6, 6, 5, 7),
(538, 1213, 7, 1, 7, 4),
(538, 1232, 3, 1, 2, 0),
(540, 936, 7, 5, 7, 4),
(540, 1055, 6, 3, 4, 1),
(540, 1065, 5, 3, 7, 6),
(540, 1103, 3, 3, 1, 4),
(541, 885, 0, 0, 0, 0),
(541, 921, 0, 0, 0, 0),
(541, 926, 12, 6, 9, 10),
(541, 938, 4, 6, 3, 6),
(541, 949, 6, 5, 6, 3),
(541, 1057, 5, 6, 9, 3),
(541, 1082, 5, 5, 3, 3),
(541, 1089, 4, 5, 4, 3),
(541, 1230, 0, 0, 0, 0),
(543, 886, 0, 0, 0, 0),
(543, 887, 0, 0, 0, 0),
(543, 1128, 5, 6, 7, 7),
(544, 908, 0, 0, 0, 0),
(544, 976, 3, 4, 6, 4),
(544, 1053, 2, 2, 7, 7),
(544, 1085, 4, 3, 4, 5),
(544, 1101, 1, 4, 6, 7),
(544, 1134, 7, 4, 5, 4),
(544, 1204, 5, 4, 3, 6),
(544, 1208, 5, 3, 5, 5),
(544, 1236, 0, 0, 0, 0),
(545, 904, 0, 0, 0, 0),
(545, 948, 5, 5, 4, 4),
(545, 955, 4, 2, 5, 3),
(545, 1017, 6, 7, 8, 4),
(545, 1133, 4, 3, 8, 8),
(545, 1140, 5, 5, 4, 2),
(546, 892, 0, 0, 0, 0),
(546, 997, 5, 5, 3, 6),
(546, 1009, 6, 3, 6, 4),
(546, 1221, 4, 3, 5, 3),
(547, 1181, 3, 7, 6, 8),
(547, 1183, 2, 4, 6, 7),
(548, 934, 6, 7, 5, 5),
(548, 996, 3, 6, 6, 5),
(548, 1047, 6, 6, 2, 3),
(548, 1096, 5, 5, 4, 6),
(548, 1162, 3, 6, 5, 2),
(555, 1035, 6, 6, 6, 5),
(555, 1056, 5, 3, 2, 1),
(555, 1235, 0, 0, 0, 0),
(556, 895, 0, 0, 0, 0),
(556, 916, 0, 0, 0, 0),
(556, 1035, 4, 6, 6, 3),
(556, 1171, 8, 5, 5, 7),
(556, 1172, 5, 7, 7, 2),
(556, 1202, 3, 3, 6, 5),
(556, 1210, 4, 9, 5, 8),
(557, 957, 2, 6, 4, 7),
(557, 987, 4, 6, 5, 7),
(557, 1017, 5, 6, 6, 6),
(557, 1065, 5, 5, 6, 2),
(557, 1152, 8, 2, 7, 4),
(558, 959, 5, 5, 3, 5),
(558, 972, 3, 9, 3, 6),
(558, 999, 3, 6, 6, 8),
(558, 1072, 3, 6, 4, 7),
(559, 909, 0, 0, 0, 0),
(559, 1045, 5, 5, 6, 5),
(559, 1139, 7, 6, 3, 8),
(560, 917, 0, 0, 0, 0),
(560, 1019, 5, 6, 5, 6),
(560, 1097, 6, 7, 4, 4),
(560, 1102, 5, 6, 5, 6),
(560, 1151, 6, 5, 5, 4),
(560, 1162, 6, 5, 7, 6),
(563, 965, 4, 7, 6, 6),
(563, 1129, 6, 5, 7, 3),
(563, 1231, 0, 0, 0, 0),
(567, 883, 0, 0, 0, 0),
(567, 937, 4, 4, 4, 7),
(567, 981, 4, 6, 6, 4),
(567, 1005, 4, 6, 6, 6),
(567, 1024, 6, 6, 6, 7),
(567, 1054, 6, 5, 5, 5),
(567, 1097, 6, 4, 3, 5),
(567, 1219, 7, 3, 4, 5),
(567, 1232, 2, 2, 2, 1),
(573, 932, 3, 6, 3, 7),
(573, 1112, 5, 4, 7, 7),
(595, 915, 0, 0, 0, 0),
(595, 964, 5, 4, 4, 6),
(595, 1036, 4, 5, 4, 3),
(595, 1084, 5, 5, 6, 4),
(596, 923, 10, 8, 7, 9),
(596, 992, 7, 8, 5, 5),
(596, 1001, 4, 6, 4, 8),
(721, 901, 0, 0, 0, 0),
(721, 910, 0, 0, 0, 0),
(721, 1047, 4, 3, 6, 7),
(721, 1173, 5, 6, 6, 7),
(721, 1197, 5, 4, 5, 8),
(721, 1213, 4, 5, 6, 4),
(744, 1032, 4, 2, 5, 5),
(744, 1066, 5, 3, 4, 5),
(744, 1093, 5, 6, 3, 6),
(744, 1107, 8, 3, 9, 7),
(744, 1158, 4, 5, 7, 6),
(745, 918, 9, 11, 9, 7),
(745, 1080, 4, 4, 2, 6),
(745, 1084, 5, 6, 6, 4),
(745, 1113, 8, 7, 3, 6),
(745, 1157, 5, 3, 6, 5),
(745, 1176, 7, 8, 2, 6),
(1042, 920, 11, 9, 9, 6),
(1042, 1142, 5, 3, 6, 2),
(1042, 1196, 5, 4, 5, 7),
(1044, 1010, 4, 5, 5, 5),
(1044, 1022, 4, 6, 9, 5),
(1044, 1031, 3, 3, 5, 3),
(1044, 1078, 5, 4, 3, 2),
(1044, 1129, 4, 7, 6, 5),
(1045, 969, 7, 6, 5, 4),
(1045, 1081, 5, 7, 5, 6),
(1045, 1106, 6, 4, 3, 5),
(1045, 1168, 6, 5, 3, 5),
(1045, 1206, 5, 4, 5, 3),
(1046, 1006, 6, 1, 4, 3),
(1046, 1011, 3, 2, 5, 5),
(1046, 1066, 5, 5, 6, 7),
(1046, 1108, 5, 6, 2, 1),
(1046, 1122, 7, 3, 4, 5),
(1046, 1198, 4, 6, 6, 4),
(1048, 1051, 4, 4, 5, 5),
(1048, 1114, 4, 6, 3, 5),
(1048, 1130, 6, 5, 5, 4),
(1048, 1153, 6, 7, 3, 7),
(1048, 1215, 7, 6, 6, 3);

-- --------------------------------------------------------

--
-- Table structure for table `Player`
--

CREATE TABLE IF NOT EXISTS `Player` (
  `id` int(11) NOT NULL AUTO_INCREMENT,
  `name` varchar(32) NOT NULL,
  `birth_date` date DEFAULT NULL,
  `country` char(3) DEFAULT NULL,
  `avatar` varchar(255) DEFAULT NULL,
  `stamina` float NOT NULL,
  `catch` float NOT NULL,
  `kick_power` float NOT NULL,
  `speed` float NOT NULL,
  `decay` float NOT NULL,
  `dash_rate` float NOT NULL,
  PRIMARY KEY (`id`),
  KEY `Player_ibfk_1` (`country`)
) ENGINE=InnoDB  DEFAULT CHARSET=utf8 AUTO_INCREMENT=23 ;

--
-- Dumping data for table `Player`
--

INSERT INTO `Player` (`id`, `name`, `birth_date`, `country`, `avatar`, `stamina`, `catch`, `kick_power`, `speed`, `decay`, `dash_rate`) VALUES
(1, 'Manuel Neuer', '2015-05-16', 'PRT', 'photo1.jpg', 1.2, 1.05, 0.86, 1.09, 1.04, 0.83),
(2, 'Pepe Reina', '2000-01-06', 'UKR', 'photo2.jpg', 1.3, 1.03, 0.56, 1.23, 2.04, 1.54),
(3, 'Javi Martinez', '1990-12-25', 'HKG', 'photo3.jpg', 1.4, 1.02, 0.16, 1.12, 4.31, 1.93),
(4, 'Medhi Benatia', '2015-05-16', 'PRT', 'photo1.jpg', 1.2, 1.05, 0.86, 1.09, 1.04, 0.83),
(5, 'Dante', '2000-01-06', 'UKR', 'photo2.jpg', 1.3, 1.03, 0.56, 1.23, 2.04, 1.54),
(6, 'Holger Badstuber', '1990-12-25', 'HKG', 'photo3.jpg', 1.4, 1.02, 0.16, 1.12, 4.31, 1.93),
(7, 'David Alaba', '2015-05-16', 'PRT', 'photo1.jpg', 1.2, 1.05, 0.86, 1.09, 1.04, 0.83),
(8, 'Juan Bernat', '2000-01-06', 'UKR', 'photo2.jpg', 1.3, 1.03, 0.56, 1.23, 2.04, 1.54),
(9, 'Philipp Lahm', '1990-12-25', 'HKG', 'photo3.jpg', 1.4, 1.02, 0.16, 1.12, 4.31, 1.93),
(10, 'Sebastian Rode', '2015-05-16', 'PRT', 'photo1.jpg', 1.2, 1.05, 0.86, 1.09, 1.04, 0.83),
(11, 'Xabi Alonso', '2000-01-06', 'UKR', 'photo2.jpg', 1.3, 1.03, 0.56, 1.23, 2.04, 1.54),
(12, 'Bastian Schweinsteiger', '1990-12-25', 'HKG', 'photo3.jpg', 1.4, 1.02, 0.16, 1.12, 4.31, 1.93),
(13, 'Thiago Alcentara', '2015-05-16', 'PRT', 'photo1.jpg', 1.2, 1.05, 0.86, 1.09, 1.04, 0.83),
(14, 'Gianluca Gaudino', '2000-01-06', 'UKR', 'photo2.jpg', 1.3, 1.03, 0.56, 1.23, 2.04, 1.54),
(15, 'Mario Gatze', '1990-12-25', 'HKG', 'photo3.jpg', 1.4, 1.02, 0.16, 1.12, 4.31, 1.93),
(16, 'Franck Rubiery', '2015-05-16', 'PRT', 'photo1.jpg', 1.2, 1.05, 0.86, 1.09, 1.04, 0.83),
(17, 'Mitchell Weiser', '2000-01-06', 'UKR', 'photo2.jpg', 1.3, 1.03, 0.56, 1.23, 2.04, 1.54),
(18, 'Sinan Kurt', '1990-12-25', 'HKG', 'photo3.jpg', 1.4, 1.02, 0.16, 1.12, 4.31, 1.93),
(19, 'Arjen Robben', '2015-05-16', 'PRT', 'photo1.jpg', 1.2, 1.05, 0.86, 1.09, 1.04, 0.83),
(20, 'Thomas Mufcller', '2000-01-06', 'UKR', 'photo2.jpg', 1.3, 1.03, 0.56, 1.23, 2.04, 1.54),
(21, 'Robert Lewandowski', '1990-12-25', 'HKG', 'photo3.jpg', 1.4, 1.02, 0.16, 1.12, 4.31, 1.93),
(22, 'Claudio Pizarro', '2015-05-16', 'PRT', 'photo1.jpg', 1.2, 1.05, 0.86, 1.09, 1.04, 0.83);

-- --------------------------------------------------------

--
-- Table structure for table `Team`
--

CREATE TABLE IF NOT EXISTS `Team` (
  `id` int(11) NOT NULL AUTO_INCREMENT,
  `name` varchar(32) NOT NULL,
  `crest` varchar(255) DEFAULT NULL,
  `rank` int(11) NOT NULL DEFAULT '0',
  PRIMARY KEY (`id`)
) ENGINE=InnoDB  DEFAULT CHARSET=utf8 AUTO_INCREMENT=1049 ;

--
-- Dumping data for table `Team`
--

INSERT INTO `Team` (`id`, `name`, `crest`, `rank`) VALUES
(1, '1. FC Kln', 'https://static.soccerwars.xyz/crests/55aed26f784de.svg', -4429),
(2, 'TSG 1899 Hoffenheim', 'https://static.soccerwars.xyz/crests/55aed269bfdec.svg', 7991),
(3, 'Bayer Leverkusen', 'https://static.soccerwars.xyz/crests/55aed26957543.svg', -520),
(4, 'Borussia Dortmund', 'https://static.soccerwars.xyz/crests/55aed26ceda39.svg', 0),
(5, 'FC Bayern Mnchen', 'https://static.soccerwars.xyz/crests/55aed266ab988.svg', -1162),
(6, 'FC Schalke 04', 'https://static.soccerwars.xyz/crests/55aed26c881d6.svg', 4575),
(7, 'Hamburger SV', 'https://static.soccerwars.xyz/crests/55aed26735bd2.svg', -5238),
(8, 'Hannover 96', 'https://static.soccerwars.xyz/crests/55aed26aaa9e5.svg', 0),
(9, 'Hertha BSC', 'https://static.soccerwars.xyz/crests/55aed26889aa0.svg', 0),
(10, 'VfB Stuttgart', 'https://static.soccerwars.xyz/crests/55aed26ef3cf5.svg', -961),
(11, 'VfL Wolfsburg', 'https://static.soccerwars.xyz/crests/55aed26ded2f6.svg', -10696),
(12, 'Werder Bremen', 'https://static.soccerwars.xyz/crests/55aed26c173e1.svg', -4640),
(13, '1. FC Kaiserslautern', 'https://static.soccerwars.xyz/crests/55aed270b20a5.svg', 38942),
(14, '1. FC Nrnberg', 'https://static.soccerwars.xyz/crests/55aed2734a2fb.svg', 0),
(15, '1. FSV Mainz 05', 'https://static.soccerwars.xyz/crests/55aed26b2619f.svg', 0),
(16, 'FC Augsburg', 'https://static.soccerwars.xyz/crests/55aed2680aa13.svg', 0),
(17, 'SC Freiburg', 'https://static.soccerwars.xyz/crests/55aed272be29e.svg', 50032),
(18, 'Bor. Mnchengladbach', 'https://static.soccerwars.xyz/crests/55aed26d87a24.svg', -14862),
(19, 'Eintracht Frankfurt', 'https://static.soccerwars.xyz/crests/55aed26e72acd.svg', 2970),
(20, 'FC St. Pauli', 'https://static.soccerwars.xyz/crests/55aed27811f56.svg', -7962),
(21, 'SpVgg Greuther Frth', 'https://static.soccerwars.xyz/crests/55aed275180bc.svg', 0),
(24, 'Fortuna Dsseldorf', 'https://static.soccerwars.xyz/crests/55aed27980fe8.svg', -348),
(25, 'MSV Duisburg', 'https://static.soccerwars.xyz/crests/55aed2703ec35.svg', 0),
(26, 'TSV 1860 Mnchen', 'https://static.soccerwars.xyz/crests/55aed27676579.svg', -26275),
(28, '1. FC Union Berlin', 'https://static.soccerwars.xyz/crests/55aed278eb585.svg', -124),
(29, 'SC Paderborn 07', 'https://static.soccerwars.xyz/crests/55aed2770f585.svg', -11222),
(30, 'FSV Frankfurt', 'https://static.soccerwars.xyz/crests/55aed273e9979.svg', 13199),
(31, 'FC Ingolstadt 04', 'https://static.soccerwars.xyz/crests/55aed26ba1fd8.svg', -28166),
(32, 'Karlsruher SC', 'https://static.soccerwars.xyz/crests/55aed2757c261.svg', 11713),
(33, 'Eintracht Braunschweig', 'https://static.soccerwars.xyz/crests/55aed2713e237.svg', 129),
(36, 'VfL Bochum', 'https://static.soccerwars.xyz/crests/55aed2777743c.svg', 0),
(38, 'Arminia Bielefeld', 'https://static.soccerwars.xyz/crests/55aed278805dd.svg', -38203),
(44, '1. FC Heidenheim 1846', 'https://static.soccerwars.xyz/crests/55aed275ea5e9.svg', 3820),
(46, 'SV Sandhausen', 'https://static.soccerwars.xyz/crests/55aed27221c63.svg', 9201),
(55, 'SV Darmstadt 98', 'https://static.soccerwars.xyz/crests/55aed26a41198.svg', 0),
(57, 'FC Arsenal London', 'https://static.soccerwars.xyz/crests/55aed292d5e41.svg', 0),
(58, 'Aston Villa FC', 'https://static.soccerwars.xyz/crests/55aed2a18f942.svg', 167),
(61, 'Chelsea FC', 'https://static.soccerwars.xyz/crests/55aed29e1afa5.svg', 12711),
(62, 'Everton FC', 'https://static.soccerwars.xyz/crests/55aed29c7d360.svg', 1674),
(64, 'Liverpool FC', 'https://static.soccerwars.xyz/crests/55aed295e3260.svg', 8021),
(65, 'Manchester City FC', 'https://static.soccerwars.xyz/crests/55aed29481c33.svg', 520),
(66, 'Manchester United FC', 'https://static.soccerwars.xyz/crests/55aed29916c68.svg', -7184),
(67, 'Newcastle United', 'https://static.soccerwars.xyz/crests/55aed297d2ebb.svg', -11801),
(68, 'Norwich City', 'https://static.soccerwars.xyz/crests/55aed296a746c.svg', 21793),
(70, 'Stoke City FC', 'https://static.soccerwars.xyz/crests/55aed29514e03.svg', -800),
(71, 'Sunderland AFC', 'https://static.soccerwars.xyz/crests/55aed29bbb5e3.svg', 0),
(72, 'Swansea City', 'https://static.soccerwars.xyz/crests/55aed29f368b4.svg', -18216),
(73, 'Tottenham Hotspur FC', 'https://static.soccerwars.xyz/crests/55aed2998df0b.svg', 0),
(74, 'West Bromwich Albion', 'https://static.soccerwars.xyz/crests/55aed293e90be.svg', 0),
(77, 'Athletic Bilbao', 'https://static.soccerwars.xyz/crests/55aed2a2cba59.svg', 3718),
(78, 'Atltico Madrid', 'https://static.soccerwars.xyz/crests/55aed2ae958be.svg', 26033),
(79, 'CA Osasuna', 'https://static.soccerwars.xyz/crests/55aed2ba51884.svg', 0),
(80, 'Espanyol Barcelona', 'https://static.soccerwars.xyz/crests/55aed2aab4546.svg', 124),
(81, 'FC Barcelona', 'https://static.soccerwars.xyz/crests/55aed2a351862.svg', 1440),
(82, 'FC Getafe', 'https://static.soccerwars.xyz/crests/55aed2ac235d3.svg', 0),
(83, 'Granada CF', 'https://static.soccerwars.xyz/crests/55aed2a9b6e0c.svg', 0),
(84, 'FC Mlaga', 'https://static.soccerwars.xyz/crests/55aed2a703348.svg', 33211),
(86, 'CF Real Madrid', 'https://static.soccerwars.xyz/crests/55aed2b158440.svg', -9783),
(87, 'Rayo Vallecano', 'https://static.soccerwars.xyz/crests/55aed2a4a6a51.svg', 0),
(88, 'Levante UD', 'https://static.soccerwars.xyz/crests/55aed2a88a3c8.svg', 6344),
(89, 'RCD Mallorca', 'https://static.soccerwars.xyz/crests/55aed2b3610ba.svg', 0),
(90, 'Real Betis', 'https://static.soccerwars.xyz/crests/55aed2a3e5557.svg', -643),
(91, 'Real Zaragoza', 'https://static.soccerwars.xyz/crests/55aed2b8f00e5.svg', -1712),
(92, 'Real Sociedad San Sebastin', 'https://static.soccerwars.xyz/crests/55aed2ade663c.svg', 23619),
(94, 'Villarreal CF', 'https://static.soccerwars.xyz/crests/55aed2a4a526d.svg', -50032),
(95, 'Valencia CF', 'https://static.soccerwars.xyz/crests/55aed2a5d7a61.svg', -6022),
(96, 'Sporting Gijn', 'https://static.soccerwars.xyz/crests/55aed2b0aefb2.svg', 1309),
(250, 'Real Valladolid', 'https://static.soccerwars.xyz/crests/55aed2bc33765.svg', 36428),
(254, 'CD Tenerife', 'https://static.soccerwars.xyz/crests/55aed2b734c23.svg', 1182),
(260, 'CD Numancia de Soria', 'https://static.soccerwars.xyz/crests/55aed2b680586.svg', 31217),
(263, 'Deportivo Alavs', 'https://static.soccerwars.xyz/crests/55aed2bb09f66.svg', -2091),
(267, 'UD Almeria', 'https://static.soccerwars.xyz/crests/55aed2bca4367.svg', -3110),
(275, 'UD Las Palmas', 'https://static.soccerwars.xyz/crests/55aed2afbf6e0.svg', 0),
(278, 'SD Eibar', 'https://static.soccerwars.xyz/crests/55aed2aa40b3b.svg', -11666),
(285, 'CF Elche', 'https://static.soccerwars.xyz/crests/55aed2b5eeecb.svg', 27025),
(286, 'SD Ponferradina', 'https://static.soccerwars.xyz/crests/55aed2b4e075a.svg', 800),
(295, 'Crdoba CF', 'https://static.soccerwars.xyz/crests/55aed2bba040a.svg', 716),
(298, 'Girona FC', 'https://static.soccerwars.xyz/crests/55aed2b4506c3.svg', 0),
(299, 'Huesca', 'https://static.soccerwars.xyz/crests/55aed27461edc.svg', -9936),
(304, 'AD Alcorcn', 'https://static.soccerwars.xyz/crests/55aed2b27b050.svg', 4760),
(338, 'Leicester City', 'https://static.soccerwars.xyz/crests/55aed29a9f126.png', 8448),
(340, 'FC Southampton', 'https://static.soccerwars.xyz/crests/55aed29856e65.svg', 33918),
(346, 'Watford', 'https://static.soccerwars.xyz/crests/55aed27461edc.svg', -1177),
(354, 'Crystal Palace', 'https://static.soccerwars.xyz/crests/55aed2974254f.png', 0),
(510, 'Ajaccio AC', 'https://static.soccerwars.xyz/crests/55aed2885bbdd.svg', 0),
(511, 'FC Toulouse', 'https://static.soccerwars.xyz/crests/55aed2871f416.svg', 0),
(512, 'Stade Brestois', 'https://static.soccerwars.xyz/crests/55aed291ae4ee.svg', 0),
(513, 'FC vian Thonon Gaillard', 'https://static.soccerwars.xyz/crests/55aed28baefe4.svg', -18898),
(514, 'SM Caen', 'https://static.soccerwars.xyz/crests/55aed27d2660d.svg', 0),
(515, 'Valenciennes', 'https://static.soccerwars.xyz/crests/55aed28ab218f.svg', -4885),
(516, 'Olympique Marseille', 'https://static.soccerwars.xyz/crests/55aed27c8333d.svg', -13544),
(517, 'FC Sochaux', 'https://static.soccerwars.xyz/crests/55aed2903395b.svg', 0),
(518, 'Montpellier HSC', 'https://static.soccerwars.xyz/crests/55aed2816a1f2.svg', -22953),
(519, 'AJ Auxerre', 'https://static.soccerwars.xyz/crests/55aed2912945c.svg', -67030),
(520, 'AS Nancy', 'https://static.soccerwars.xyz/crests/55aed28c39ea4.svg', -9574),
(521, 'OSC Lille', 'https://static.soccerwars.xyz/crests/55aed282ae5d8.png', 62369),
(522, 'OGC Nice', 'https://static.soccerwars.xyz/crests/55aed27eb0056.jpg', -756),
(523, 'Olympique Lyon', 'https://static.soccerwars.xyz/crests/55aed27da32d2.svg', 0),
(524, 'Paris SG', 'https://static.soccerwars.xyz/crests/55aed2836c647.gif', 41383),
(525, 'FC Lorient', 'https://static.soccerwars.xyz/crests/55aed27e2b973.png', -2970),
(526, 'Girondins Bordeaux', 'https://static.soccerwars.xyz/crests/55aed285af905.svg', -24349),
(527, 'AS Saint-tienne', 'https://static.soccerwars.xyz/crests/55aed28788acd.svg', 0),
(528, 'Dijon FCO', 'https://static.soccerwars.xyz/crests/55aed288d9f35.svg', -10614),
(529, 'Stade Rennes', 'https://static.soccerwars.xyz/crests/55aed27b77206.svg', 4372),
(531, 'ES Troyes AC', 'https://static.soccerwars.xyz/crests/55aed285107e1.svg', -8730),
(532, 'Angers SCO', 'https://static.soccerwars.xyz/crests/55aed282204c1.svg', 2244),
(533, 'Le Havre AC', 'https://static.soccerwars.xyz/crests/55aed290b6987.svg', 4477),
(536, 'SC Bastia', 'https://static.soccerwars.xyz/crests/55aed27a5fb67.svg', -5488),
(538, 'EA Guingamp', 'https://static.soccerwars.xyz/crests/55aed280b562a.svg', 6146),
(540, 'FC Stade Lavallois Mayenne', 'https://static.soccerwars.xyz/crests/55aed289ba0d8.svg', -4487),
(541, 'Clermont Foot Auvergne', 'https://static.soccerwars.xyz/crests/55aed28ee0cd9.svg', 0),
(543, 'FC Nantes', 'https://static.soccerwars.xyz/crests/55aed27fb346e.svg', 0),
(544, 'RC Tours', 'https://static.soccerwars.xyz/crests/55aed28cc27db.svg', 13780),
(545, 'FC Metz', 'https://static.soccerwars.xyz/crests/55aed28d5ea8f.svg', 2159),
(546, 'RC Lens', 'https://static.soccerwars.xyz/crests/55aed28df3cb6.svg', 837),
(547, 'Stade Reims', 'https://static.soccerwars.xyz/crests/55aed28678de7.svg', -31217),
(548, 'AS Monaco', 'https://static.soccerwars.xyz/crests/55aed27f36049.svg', -1106),
(555, 'Ajaccio GFCO', 'https://static.soccerwars.xyz/crests/55aed28465061.png', 0),
(556, 'Nmes Olympique', 'https://static.soccerwars.xyz/crests/55aed28b3a2ac.svg', -70056),
(557, 'Chamois Niortais FC', 'https://static.soccerwars.xyz/crests/55aed28a3d98c.svg', -1672),
(558, 'Celta Vigo', 'https://static.soccerwars.xyz/crests/55aed2a94379a.svg', 0),
(559, 'Sevilla CF', 'https://static.soccerwars.xyz/crests/55aed2a7d7d11.png', 0),
(560, 'Deportivo La Coruna', 'https://static.soccerwars.xyz/crests/55aed2ace295b.svg', 8158),
(563, 'West Ham United FC', 'https://static.soccerwars.xyz/crests/55aed293501a6.svg', 0),
(567, 'Red Star 93', 'https://static.soccerwars.xyz/crests/55aed27461edc.svg', 5677),
(573, 'US Crteil', 'https://static.soccerwars.xyz/crests/55aed29227e02.svg', -129),
(595, 'CD Mirandes', 'https://static.soccerwars.xyz/crests/55aed2b816de3.svg', 0),
(596, 'CD Lugo', 'https://static.soccerwars.xyz/crests/55aed2bddd3fa.svg', 1712),
(721, 'Red Bull Leipzig', 'https://static.soccerwars.xyz/crests/55aed27461edc.svg', -31758),
(744, 'UE Llagostera', 'https://static.soccerwars.xyz/crests/55aed2b9bd22a.png', 19248),
(745, 'CD Leganes', 'https://static.soccerwars.xyz/crests/55aed2bd302af.png', 0),
(1042, 'Bourg-P&eacute;ronnas', 'https://static.soccerwars.xyz/crests/55aed27461edc.svg', 12060),
(1044, 'AFC Bournemouth', 'https://static.soccerwars.xyz/crests/55aed2a0a3e86.svg', -3400),
(1045, 'Paris FC', 'https://static.soccerwars.xyz/crests/55aed2893b667.png', 0),
(1046, 'Athletic Bilbao B', 'https://static.soccerwars.xyz/crests/55aed2b3ba96b.png', 11267),
(1048, 'Real Oviedo', 'https://static.soccerwars.xyz/crests/55aed2bd70717.svg', 0);

-- --------------------------------------------------------

--
-- Table structure for table `TeamComposition`
--

CREATE TABLE IF NOT EXISTS `TeamComposition` (
  `team_id` int(11) NOT NULL,
  `player_id` int(11) NOT NULL,
  `shirt_number` int(11) NOT NULL,
  `position` enum('goalkeeper','midfield','advanced','defense') NOT NULL,
  PRIMARY KEY (`team_id`,`player_id`),
  KEY `TeamComposition_ibfk_2` (`player_id`)
) ENGINE=InnoDB DEFAULT CHARSET=utf8;

--
-- Dumping data for table `TeamComposition`
--

INSERT INTO `TeamComposition` (`team_id`, `player_id`, `shirt_number`, `position`) VALUES
(1, 1, 1, 'goalkeeper'),
(1, 2, 2, 'defense'),
(1, 3, 3, 'defense'),
(1, 4, 4, 'defense'),
(1, 5, 5, 'midfield'),
(1, 6, 6, 'midfield'),
(1, 7, 7, 'midfield'),
(1, 8, 8, 'midfield'),
(1, 9, 9, 'advanced'),
(1, 10, 10, 'advanced'),
(1, 11, 11, 'advanced'),
(2, 12, 1, 'goalkeeper'),
(2, 13, 2, 'defense'),
(2, 14, 3, 'defense'),
(2, 15, 4, 'defense'),
(2, 16, 5, 'midfield'),
(2, 17, 6, 'midfield'),
(2, 18, 7, 'midfield'),
(2, 19, 8, 'midfield'),
(2, 20, 9, 'advanced'),
(2, 21, 10, 'advanced'),
(2, 22, 11, 'advanced');

-- --------------------------------------------------------

--
-- Table structure for table `Token`
--

CREATE TABLE IF NOT EXISTS `Token` (
  `token` varchar(255) NOT NULL,
  `user_id` int(11) NOT NULL,
  `created_at` timestamp NULL DEFAULT CURRENT_TIMESTAMP,
  PRIMARY KEY (`user_id`),
  UNIQUE KEY `token_UNIQUE` (`token`),
  UNIQUE KEY `user_id_UNIQUE` (`user_id`)
) ENGINE=InnoDB DEFAULT CHARSET=utf8;

--
-- Dumping data for table `Token`
--

INSERT INTO `Token` (`token`, `user_id`, `created_at`) VALUES
('1534073943559b36dd8e06e9.08676536', 1, '2015-07-19 12:44:37'),
('1377393269559bc65799fd88.77797939', 28, '2015-07-26 23:15:33'),
('374908118559de96047eca2.91031383', 29, '2015-07-29 13:20:14');

-- --------------------------------------------------------

--
-- Table structure for table `User`
--

CREATE TABLE IF NOT EXISTS `User` (
  `id` int(11) NOT NULL AUTO_INCREMENT,
  `email` varchar(64) NOT NULL,
  `pw_hash` varchar(255) NOT NULL,
  `name` varchar(32) NOT NULL,
  `avatar` varchar(255) NOT NULL,
  `points` int(11) DEFAULT '200',
  `bailouts` int(11) NOT NULL DEFAULT '0',
  `status` enum('pending','active','suspended','disabled') DEFAULT 'pending',
  `created_at` timestamp NULL DEFAULT CURRENT_TIMESTAMP,
  PRIMARY KEY (`id`),
  UNIQUE KEY `Email` (`email`)
) ENGINE=InnoDB  DEFAULT CHARSET=utf8 AUTO_INCREMENT=46 ;

--
-- Dumping data for table `User`
--

INSERT INTO `User` (`id`, `email`, `pw_hash`, `name`, `avatar`, `points`, `bailouts`, `status`, `created_at`) VALUES
(28, 'fcandrecosta@gmail.com', '2e6f9b0d5885b6010f9167787445617f553a735f', 'Teste', '559bc5ab876b5', 1000, 0, 'active', '2015-07-07 12:27:11'),
(29, 'teste@teste.com', '2e6f9b0d5885b6010f9167787445617f553a735f', 'Fbio Costa', '559de95500895', 2600, 5, 'active', '2015-07-09 03:24:05'),
(42, 'fc.andrecosta@gmail.com', '7c63c1b956c07472e4d2605c7e2f19fffe47cc4d', 'Bot 1', '55b819da32a02', 47503093, 0, 'pending', '2015-07-29 00:09:53'),
(43, 'fcandre.costa@gmail.com', 'e55f9e6e89c32e6f01a04e696726512cff20530d', 'Bot 2', '55b81a4ddf3b4', 27586500, 0, 'pending', '2015-07-29 00:11:49'),
(44, 'fc.andre.costa@gmail.com', 'ef83473775e6e17b855da1647d99bc9e031aa08f', 'Bot 3', '55b81a82d4f89', 4392932, 0, 'pending', '2015-07-29 00:12:41');

-- --------------------------------------------------------

--
-- Table structure for table `UserBadge`
--

CREATE TABLE IF NOT EXISTS `UserBadge` (
  `user_id` int(11) NOT NULL,
  `badge_id` int(11) NOT NULL,
  PRIMARY KEY (`user_id`,`badge_id`)
) ENGINE=InnoDB DEFAULT CHARSET=utf8;

--
-- Dumping data for table `UserBadge`
--

INSERT INTO `UserBadge` (`user_id`, `badge_id`) VALUES
(28, 1),
(28, 3),
(29, 1),
(29, 2),
(29, 10),
(42, 2),
(43, 2),
(44, 2);

-- --------------------------------------------------------

--
-- Table structure for table `UserComment`
--

CREATE TABLE IF NOT EXISTS `UserComment` (
  `id` int(11) NOT NULL AUTO_INCREMENT,
  `user_id` int(11) NOT NULL,
  `match_id` int(11) NOT NULL,
  `text` varchar(255) NOT NULL,
  `parent_id` int(11) DEFAULT NULL,
  `deleted` tinyint(1) NOT NULL DEFAULT '0',
  `created_at` timestamp NOT NULL DEFAULT CURRENT_TIMESTAMP,
  PRIMARY KEY (`id`),
  KEY `UserComment_ibfk_1` (`user_id`),
  KEY `UserComment_ibfk_2` (`match_id`),
  KEY `UserComment_ibfk_3` (`parent_id`)
) ENGINE=InnoDB  DEFAULT CHARSET=utf8 AUTO_INCREMENT=3 ;

--
-- Dumping data for table `UserComment`
--

INSERT INTO `UserComment` (`id`, `user_id`, `match_id`, `text`, `parent_id`, `deleted`, `created_at`) VALUES
(1, 29, 920, 'teste', NULL, 0, '2015-07-29 03:15:18'),
(2, 29, 1172, 'Teste', NULL, 0, '2015-07-29 11:33:57');

-- --------------------------------------------------------

--
-- Table structure for table `UserFriend`
--

CREATE TABLE IF NOT EXISTS `UserFriend` (
  `user_id` int(11) NOT NULL,
  `friend_id` int(11) NOT NULL,
  PRIMARY KEY (`user_id`,`friend_id`),
  KEY `UserFriend_ibfk_2` (`friend_id`)
) ENGINE=InnoDB DEFAULT CHARSET=utf8;

--
-- Constraints for dumped tables
--

--
-- Constraints for table `Bet`
--
ALTER TABLE `Bet`
  ADD CONSTRAINT `Bet_ibfk_1` FOREIGN KEY (`user_id`) REFERENCES `User` (`id`),
  ADD CONSTRAINT `Bet_ibfk_2` FOREIGN KEY (`match_id`) REFERENCES `Match` (`id`);

--
-- Constraints for table `MatchProgress`
--
ALTER TABLE `MatchProgress`
  ADD CONSTRAINT `MatchProgress_ibfk_1` FOREIGN KEY (`team_id`) REFERENCES `Team` (`ID`),
  ADD CONSTRAINT `MatchProgress_ibfk_2` FOREIGN KEY (`match_id`) REFERENCES `Match` (`id`);

--
-- Constraints for table `Player`
--
ALTER TABLE `Player`
  ADD CONSTRAINT `Player_ibfk_1` FOREIGN KEY (`country`) REFERENCES `Country` (`CountryCode`);

--
-- Constraints for table `TeamComposition`
--
ALTER TABLE `TeamComposition`
  ADD CONSTRAINT `TeamComposition_ibfk_1` FOREIGN KEY (`team_id`) REFERENCES `Team` (`id`),
  ADD CONSTRAINT `TeamComposition_ibfk_2` FOREIGN KEY (`player_id`) REFERENCES `Player` (`id`);

--
-- Constraints for table `UserComment`
--
ALTER TABLE `UserComment`
  ADD CONSTRAINT `UserComment_ibfk_1` FOREIGN KEY (`user_id`) REFERENCES `User` (`id`),
  ADD CONSTRAINT `UserComment_ibfk_2` FOREIGN KEY (`match_id`) REFERENCES `Match` (`id`),
  ADD CONSTRAINT `UserComment_ibfk_3` FOREIGN KEY (`parent_id`) REFERENCES `UserComment` (`id`);

--
-- Constraints for table `UserFriend`
--
ALTER TABLE `UserFriend`
  ADD CONSTRAINT `UserFriend_ibfk_1` FOREIGN KEY (`user_id`) REFERENCES `User` (`id`),
  ADD CONSTRAINT `UserFriend_ibfk_2` FOREIGN KEY (`friend_id`) REFERENCES `User` (`id`);

/*!40101 SET CHARACTER_SET_CLIENT=@OLD_CHARACTER_SET_CLIENT */;
/*!40101 SET CHARACTER_SET_RESULTS=@OLD_CHARACTER_SET_RESULTS */;
/*!40101 SET COLLATION_CONNECTION=@OLD_COLLATION_CONNECTION */;
